edx.forum.response.created;edx.forum.thread.created;load_video;openassessment.upload_file;pause_video;play_video;problem_check;problem_graded;problem_show;seek_video;seq_goto;seq_next;seq_prev;stop_video
0;1;16;3;7;270;27;27;0;6;19;0;0;3
0;0;0;0;0;0;2;2;0;0;0;0;0;0
0;0;1;0;0;1;4;4;1;0;12;0;0;0
0;0;0;0;0;0;137;135;1;0;1;0;0;0
1;0;0;0;0;0;0;0;0;0;0;0;0;0
0;0;4;0;3;9;5;5;1;4;29;0;0;1
0;0;0;1;0;0;13;13;2;0;0;1;0;0
0;0;0;0;0;0;39;39;1;0;1;0;0;0
0;0;1;0;1;1;12;12;2;0;0;0;0;1
1;0;2;0;0;0;0;0;0;0;0;0;0;0
0;0;2;0;1;5;4;4;3;0;0;0;0;1
0;0;0;0;0;0;0;0;0;0;0;0;0;0
0;0;0;0;0;0;2;2;0;0;0;0;0;0
0;0;0;0;0;0;0;0;0;0;0;0;0;0
0;0;0;0;0;0;0;0;0;0;0;0;0;0
0;1;1;0;0;0;11;11;3;0;0;1;0;0
0;0;0;0;0;0;0;0;0;0;0;0;0;0
0;0;0;0;0;0;0;0;0;0;0;0;0;0
0;0;2;0;1;4;0;0;0;0;7;1;0;1
6;0;8;0;4;8;8;8;1;2;1;11;4;3
0;0;2;0;0;3;2;2;0;1;0;1;0;0
0;0;0;0;0;0;0;0;0;0;0;0;0;0
0;0;0;0;0;0;0;0;0;0;0;0;0;0
0;0;14;0;12;49;27;27;2;7;26;4;0;6
0;0;0;1;0;0;12;12;7;0;2;0;0;0
0;0;0;0;0;0;0;0;0;0;0;0;0;0
0;0;0;0;0;0;0;0;0;0;0;0;0;0
0;0;0;0;0;0;5;5;2;0;0;1;0;0
0;0;0;0;0;0;0;0;0;0;0;0;0;0
0;0;0;0;0;0;24;24;3;0;0;0;0;0
1;0;0;0;0;0;2;2;1;0;0;0;0;0
0;0;13;1;7;175;9;9;4;53;12;1;0;2
0;0;0;0;0;0;2;2;1;0;0;0;0;0
0;0;8;0;5;8;14;14;7;3;0;6;0;4
0;0;0;0;0;0;13;13;2;0;0;0;0;0
1;0;2;0;0;8;3;3;0;7;1;0;0;0
0;0;1;1;1;1;5;5;0;0;2;0;0;0
0;0;0;0;0;0;13;13;4;0;3;0;0;0
0;0;0;0;0;0;0;0;0;0;0;0;0;0
0;0;2;0;1;3;9;9;2;0;12;1;0;0
0;0;0;0;0;0;31;31;2;0;1;0;0;0
1;1;7;7;4;26;14;14;3;19;11;6;2;0
0;0;1;1;3;3;10;10;5;0;8;0;0;1
0;0;0;0;0;0;0;0;0;0;0;0;0;0
0;0;0;0;0;0;0;0;0;0;0;0;0;0
0;0;0;0;0;0;0;0;0;0;0;0;0;0
0;0;8;0;1;10;1;1;0;6;23;2;1;1
0;0;0;0;0;0;3;3;0;0;0;0;0;0
1;0;5;1;3;5;11;11;0;0;10;3;0;2
1;0;7;3;6;26;16;16;2;18;2;2;0;3
1;0;1;0;0;0;9;9;0;0;0;0;0;0
0;1;23;0;17;470;16;16;0;90;65;0;1;4
0;0;10;0;9;17;4;4;1;3;22;8;0;3
0;0;0;0;0;0;22;22;1;0;4;0;0;0
0;0;1;0;0;0;6;6;0;0;0;1;0;0
0;0;0;0;0;0;13;13;2;0;0;0;0;0
0;0;56;2;40;689;23;23;0;220;70;8;4;10
0;0;3;0;6;14;3;3;0;8;2;1;0;0
0;1;0;0;0;0;0;0;0;0;0;0;0;0
0;0;0;0;0;0;0;0;0;0;0;0;0;0
0;0;0;0;0;0;0;0;0;0;0;0;0;0
1;1;14;0;33;2320;22;21;0;54;20;6;0;3
3;0;3;0;0;5;9;9;2;0;13;0;0;0
0;1;0;1;0;0;15;15;4;0;10;0;0;0
0;0;0;0;0;0;5;5;1;0;0;0;0;0
0;0;0;0;0;0;0;0;0;0;0;0;0;0
0;0;6;0;0;95;36;36;3;0;0;2;1;0
1;0;0;0;0;0;3;3;0;0;0;0;0;0
0;0;4;0;3;23;2;2;0;3;3;0;0;0
0;0;34;0;37;566;21;21;5;102;6;25;15;3
0;0;0;0;0;0;0;0;0;0;0;0;0;0
0;0;0;0;0;0;0;0;0;0;0;0;0;0
0;0;0;0;0;0;20;20;1;0;0;0;0;0
0;0;2;0;0;0;3;3;0;0;0;0;0;0
0;0;1;0;1;2;6;6;4;0;0;0;0;1
0;0;0;0;0;0;3;3;1;0;0;0;0;0
0;0;1;2;0;0;6;6;0;0;6;5;1;0
0;0;0;0;0;0;3;3;1;0;0;0;0;0
0;0;5;0;3;6;20;20;2;2;0;0;0;2
1;0;0;3;0;0;7;7;0;0;4;3;2;0
1;0;6;0;0;0;10;10;4;0;3;6;0;0
1;0;10;0;11;28;27;27;3;13;48;6;5;6
0;0;0;0;0;0;0;0;0;0;0;0;0;0
0;0;0;0;0;0;0;0;0;0;0;0;0;0
0;0;0;0;0;0;6;6;0;0;0;0;0;0
0;0;0;0;0;0;0;0;0;0;0;0;0;0
0;1;0;2;0;0;9;9;0;0;1;0;0;0
0;0;0;0;0;0;2;2;0;0;0;0;0;0
0;0;0;0;0;0;0;0;0;0;4;0;0;0
0;0;5;0;3;5;6;6;1;0;6;2;0;0
0;0;0;0;0;0;9;9;6;0;2;0;0;0
0;0;1;0;3;5;17;17;2;2;4;0;0;0
3;0;7;0;5;8;5;5;0;0;3;3;2;2
0;0;0;0;0;0;0;0;0;0;0;0;0;0
0;0;0;0;0;0;0;0;0;0;0;0;0;0
0;0;0;0;0;0;0;0;0;0;0;0;0;0
1;3;4;1;16;22;13;13;13;9;14;4;0;0
0;0;0;0;0;0;0;0;0;0;0;0;0;0
0;0;0;0;0;0;4;4;0;0;0;0;0;0
0;0;12;0;18;30;14;14;2;8;32;0;0;4
0;0;0;5;0;0;6;6;0;0;6;3;2;0
0;0;2;0;1;1;0;0;0;0;5;1;0;0
1;0;20;1;30;57;25;25;4;15;8;7;3;16
4;0;29;1;35;1829;57;57;5;145;18;3;1;2
0;0;0;0;0;0;0;0;0;0;0;0;0;0
0;0;3;0;1;3;2;2;0;0;0;0;0;1
1;0;2;0;1;1;0;0;0;0;3;1;0;0
0;0;0;0;0;0;0;0;0;0;0;0;0;0
0;0;0;0;0;0;0;0;0;0;0;0;0;0
1;0;30;0;31;66;14;14;1;78;117;3;0;8
0;0;13;0;20;38;6;6;0;11;50;0;0;0
1;0;8;0;13;24;11;11;7;8;59;5;1;4
1;0;30;1;14;45;14;14;1;14;137;13;0;2
0;0;0;0;0;0;18;18;1;0;8;0;0;0
0;0;0;0;0;0;0;0;0;0;0;0;0;0
0;0;3;1;1;39;8;8;2;5;6;1;0;0
0;0;0;0;0;0;0;0;0;0;0;0;0;0
0;0;0;0;0;0;0;0;0;0;0;0;0;0
0;0;5;0;3;54;13;13;4;3;2;0;0;0
0;0;0;0;0;0;5;5;0;0;7;0;0;0
0;0;0;0;0;0;6;6;7;0;1;0;0;0
0;0;0;0;0;0;0;0;0;0;0;0;0;0
0;0;0;0;0;0;0;0;0;0;0;0;0;0
0;0;1;0;2;14;4;4;0;12;0;0;0;2
0;0;0;1;0;0;8;8;0;0;0;1;0;0
0;0;1;1;0;0;19;19;0;0;3;0;0;0
0;0;5;0;0;0;5;5;4;0;21;0;0;0
0;2;1;1;0;0;6;6;0;0;16;1;0;0
1;0;0;1;0;0;23;23;2;0;0;1;0;0
2;1;60;0;188;307;12;12;0;112;120;9;1;17
0;0;0;0;0;0;10;10;1;0;0;0;0;0
0;0;0;0;0;0;0;0;0;0;0;0;0;0
0;0;1;0;0;0;14;14;0;0;1;2;0;0
0;0;0;0;0;0;0;0;0;0;0;0;0;0
0;0;2;0;1;2;0;0;0;0;0;1;0;0
0;0;0;0;0;0;0;0;0;0;0;0;0;0
0;0;26;0;99;194;13;13;2;82;45;0;1;7
0;0;0;0;0;0;0;0;0;0;0;0;0;0
0;0;0;1;0;0;21;21;4;0;13;12;1;0
2;2;2;1;2;4;17;16;0;3;79;1;1;0
1;0;9;0;2;14;11;11;2;7;30;4;3;2
0;0;0;0;0;0;1;1;0;0;0;0;0;0
0;0;1;0;0;1;27;27;1;0;2;0;0;0
0;0;1;0;0;0;0;0;0;0;0;2;0;0
1;0;1;1;1;1;15;14;7;0;0;2;0;1
0;0;0;0;0;0;2;2;1;0;0;0;0;0
0;0;0;0;0;0;0;0;0;0;0;0;0;0
0;0;2;0;2;4;1;1;1;0;0;0;0;2
0;0;0;0;0;0;0;0;0;0;0;0;0;0
0;0;0;0;0;0;0;0;0;0;0;1;0;0
0;0;0;0;0;0;0;0;0;0;2;0;0;0
1;0;2;0;1;4;4;4;1;2;1;5;0;1
1;0;32;1;100;150;24;24;1;16;39;5;2;9
1;0;12;1;6;48;16;16;8;37;27;1;1;0
0;0;6;0;0;0;2;2;1;0;8;0;0;0
0;0;0;0;0;0;0;0;0;0;0;0;0;0
0;0;0;0;0;0;11;11;5;0;0;0;0;0
0;0;6;3;0;3;24;24;11;0;11;2;0;0
0;0;1;0;1;2;12;11;2;0;0;0;0;1
0;0;1;0;0;1;2;2;1;0;0;0;0;0
0;0;1;0;0;0;0;0;0;0;10;0;0;0
1;0;0;0;0;0;0;0;0;0;0;0;0;0
0;0;1;0;0;5;6;6;1;4;3;0;0;0
0;0;0;0;0;0;28;28;0;0;20;4;0;0
1;0;1;0;0;2;0;0;0;0;0;0;0;0
0;0;0;0;0;0;12;12;2;0;1;0;0;0
2;0;0;4;0;0;20;20;7;0;10;0;1;0
0;0;0;0;0;0;0;0;0;0;0;0;0;0
0;0;0;0;0;0;0;0;0;0;0;0;0;0
0;0;8;0;19;25;37;37;0;6;3;3;0;9
0;0;0;0;0;0;0;0;0;0;0;0;0;0
1;0;3;0;2;8;0;0;0;1;0;2;0;1
0;0;3;0;1;1;8;8;6;0;1;0;0;1
0;0;0;0;0;0;2;2;2;0;0;0;0;0
0;0;0;0;0;0;0;0;0;0;0;0;0;0
2;0;6;0;12;26;27;27;0;10;3;1;0;0
0;0;0;0;0;0;0;0;0;0;0;0;0;0
0;0;1;0;0;0;4;4;0;0;0;0;0;0
0;0;0;0;0;0;0;0;0;0;0;0;0;0
1;1;0;1;0;0;10;10;3;0;5;1;0;0
0;0;0;0;0;0;0;0;0;0;0;0;0;0
0;0;25;0;33;48;43;43;0;9;0;0;0;10
0;0;0;0;0;0;6;6;1;0;0;0;0;0
0;0;0;0;0;0;0;0;0;0;0;0;0;0
0;0;0;0;0;0;0;0;0;0;0;0;0;0
1;0;21;0;27;49;6;5;0;19;34;0;0;6
0;0;0;0;0;0;0;0;0;0;0;0;0;0
0;0;2;0;1;16;17;16;1;13;0;1;0;0
0;0;0;0;0;0;19;19;0;0;0;2;0;0
1;1;25;1;65;207;22;22;3;49;33;7;1;8
0;0;0;0;0;0;0;0;0;0;0;0;0;0
0;0;0;0;0;0;0;0;0;0;0;0;0;0
0;1;0;1;0;0;8;8;0;0;0;2;2;0
0;0;6;1;1;37;11;11;0;35;5;4;0;0
1;0;10;1;139;148;17;17;0;13;17;2;0;3
3;0;5;0;8;30;7;7;0;18;4;8;4;0
0;0;2;0;0;1;6;6;1;0;0;0;0;0
0;0;5;2;0;2;13;13;3;1;25;5;2;0
2;1;27;1;20;36;17;17;8;10;50;2;0;10
1;0;0;1;0;0;8;8;0;0;6;0;0;0
0;0;0;0;0;0;0;0;0;0;0;0;0;0
1;0;8;0;8;23;8;8;0;12;11;2;0;2
1;2;9;3;12;61;20;20;1;5;22;0;1;0
0;0;0;0;0;0;0;0;0;0;0;0;0;0
1;1;2;1;0;0;10;10;0;0;19;2;1;0
1;0;0;0;0;0;4;4;1;0;0;0;0;0
0;0;0;0;0;0;0;0;0;0;0;0;0;0
0;0;0;1;0;0;7;7;2;0;2;1;0;0
0;1;6;0;2;7;27;27;4;7;6;1;0;0
0;0;0;0;0;0;0;0;0;0;0;0;0;0
1;0;5;0;39;55;7;7;3;19;3;0;0;2
0;0;0;0;0;0;0;0;0;0;0;0;0;0
0;0;0;0;0;0;8;8;3;0;0;0;0;0
0;0;0;0;0;0;0;0;0;0;0;0;0;0
0;0;5;0;4;5;41;41;1;0;40;0;0;2
0;0;1;0;0;0;2;2;1;0;2;0;0;0
0;0;0;0;0;0;7;7;0;0;0;0;0;0
0;0;0;0;0;0;0;0;0;0;0;0;0;0
2;0;24;0;11;77;25;25;1;58;21;6;1;5
4;0;13;2;24;29;28;28;2;23;34;13;10;13
0;0;5;0;5;14;2;2;1;5;7;0;1;0
1;0;3;1;0;1;8;8;4;0;25;3;0;0
0;0;1;0;0;0;16;16;0;0;0;0;0;0
2;0;18;0;17;58;41;41;4;16;29;6;3;14
0;0;0;0;0;0;0;0;0;0;0;0;0;0
0;0;0;0;0;0;0;0;0;0;0;0;0;0
0;0;0;0;0;0;0;0;0;0;0;0;0;0
0;0;0;0;0;0;0;0;0;0;0;0;0;0
0;0;0;0;0;0;9;9;3;0;9;0;0;0
0;0;3;0;1;2;8;8;7;0;22;1;1;0
0;0;3;3;0;2;22;22;1;0;0;1;1;0
1;1;31;1;13;73;6;6;0;33;54;26;11;6
1;0;1;0;0;1;7;7;1;0;0;2;1;0
0;0;2;0;7;20;11;11;1;13;2;1;0;0
2;0;11;0;20;51;3;3;3;23;16;2;0;1
0;0;0;0;0;0;44;44;3;0;1;0;0;0
0;0;0;0;0;0;0;0;0;0;0;0;0;0
1;0;1;0;0;0;2;2;1;0;0;0;0;0
0;0;0;0;0;0;0;0;0;0;0;0;0;0
0;0;6;0;3;45;30;30;3;13;3;2;0;2
0;0;0;0;0;0;0;0;0;0;0;0;0;0
0;0;0;0;0;0;23;23;0;0;0;0;0;0
1;0;6;0;0;0;0;0;0;0;9;0;0;0
1;0;10;1;10;34;13;13;3;19;2;2;0;3
0;0;4;0;2;5;8;8;1;0;0;1;0;1
0;0;0;0;0;0;0;0;0;0;0;0;0;0
1;0;1;0;0;0;0;0;0;0;0;0;0;0
0;0;0;0;0;0;4;4;0;0;0;0;0;0
0;0;0;0;0;0;0;0;0;0;0;0;0;0
0;0;0;0;0;0;0;0;0;0;0;0;0;0
0;0;0;0;0;0;0;0;0;0;0;0;0;0
0;0;0;0;0;0;2;2;0;0;5;0;0;0
1;0;1;0;0;0;10;10;2;0;0;0;0;0
0;0;0;0;0;0;0;0;0;0;0;0;0;0
0;0;4;0;9;14;33;33;1;4;17;1;0;0
0;0;0;0;0;0;0;0;0;0;0;0;0;0
0;0;1;0;0;0;0;0;0;0;0;0;0;0
0;0;0;0;0;0;0;0;0;0;0;0;0;0
1;0;9;0;2;7;8;8;1;3;12;1;0;2
0;0;15;4;9;21;24;24;3;11;20;4;2;7
1;0;1;0;0;0;9;9;3;0;0;0;0;0
2;0;41;0;69;1108;59;59;0;87;27;10;7;24
0;0;0;0;0;0;11;11;1;0;0;0;0;0
3;0;26;2;135;195;41;41;0;58;30;20;6;5
1;0;1;0;1;1;15;15;6;1;8;1;0;0
0;0;0;0;0;0;0;0;0;0;0;0;0;0
0;0;0;0;0;0;1;1;0;0;0;0;0;0
0;0;1;0;1;1;7;7;1;0;0;6;1;1
2;0;11;1;2;7;10;10;5;2;22;4;3;1
0;0;17;0;12;35;17;17;1;19;13;1;0;1
0;0;0;0;0;0;0;0;0;0;0;0;0;0
0;0;0;0;0;0;0;0;0;0;0;0;0;0
0;0;0;0;0;0;4;4;2;0;4;0;0;0
0;0;2;0;2;12;24;24;3;10;11;0;0;2
0;0;8;0;4;10;28;28;3;0;6;5;0;0
0;0;12;0;6;20;13;13;2;7;10;0;0;3
1;0;0;0;0;0;2;2;0;0;0;0;0;0
0;0;0;0;0;0;0;0;0;0;0;0;0;0
0;0;0;0;0;0;3;3;0;0;0;0;0;0
1;0;2;1;2;2;9;9;4;0;1;0;0;2
0;0;0;0;0;0;6;6;0;0;1;0;0;0
0;0;0;1;0;0;8;8;1;0;1;2;0;0
0;0;0;0;0;0;0;0;0;0;0;0;0;0
1;0;1;1;1;2;18;18;5;0;2;2;0;0
2;2;8;2;5;10;14;14;7;1;76;3;4;2
1;0;15;0;9;27;26;26;7;5;5;3;1;6
0;0;0;0;0;0;2;2;0;0;0;0;0;0
0;0;0;0;0;0;3;3;0;0;0;4;1;0
2;0;9;2;11;22;39;39;7;10;23;3;1;7
1;0;5;0;1;4;7;7;7;0;3;2;0;0
0;0;11;0;24;38;10;10;4;12;10;1;1;4
0;0;2;0;1;8;9;9;2;7;1;1;0;1
0;0;0;0;0;0;0;0;0;0;0;0;0;0
0;0;0;0;0;0;0;0;0;0;0;0;0;0
1;1;6;0;8;40;23;23;6;31;27;1;1;2
1;1;3;0;1;3;16;16;2;0;0;0;0;1
0;0;0;0;0;0;0;0;0;0;0;0;0;0
0;0;3;0;0;0;8;8;0;0;14;0;0;0
0;0;1;0;2;3;8;8;5;1;1;1;0;0
0;0;0;0;0;0;0;0;0;0;0;0;0;0
0;0;12;1;5;21;7;7;2;7;3;2;1;3
0;0;0;0;0;0;0;0;0;0;0;0;0;0
0;0;0;0;0;0;1;1;0;0;0;0;0;0
0;0;1;0;0;0;7;7;1;0;4;0;0;0
0;0;19;0;77;475;29;29;3;129;0;2;0;9
0;1;12;0;16;42;14;14;6;26;15;0;0;5
0;0;6;0;10;12;5;5;1;0;3;4;4;2
0;0;0;0;0;0;0;0;0;0;0;0;0;0
0;0;0;0;0;0;9;9;0;0;0;2;0;0
1;3;9;1;22;33;27;27;1;7;15;0;0;2
0;0;0;0;0;0;0;0;0;0;0;0;0;0
1;1;10;1;11;42;29;29;6;16;8;5;2;5
0;0;0;0;0;0;0;0;0;0;0;0;0;0
0;0;7;0;11;1046;5;5;3;32;7;2;0;2
0;0;4;0;2;8;2;2;0;5;2;0;0;1
1;0;2;0;1;4;19;19;1;4;0;1;0;0
0;0;0;0;0;0;0;0;0;0;0;0;0;0
0;0;0;0;0;0;8;8;2;0;7;0;0;0
0;0;0;0;0;0;6;6;0;0;0;0;0;0
1;0;0;0;0;0;31;31;2;0;9;0;0;0
2;0;6;1;0;0;6;6;0;0;15;2;0;0
0;0;6;0;2;3;20;20;4;4;3;3;0;1
0;0;0;0;0;0;1;1;0;0;0;0;0;0
0;0;0;0;0;0;0;0;0;0;0;0;0;0
0;0;8;0;4;14;31;31;0;7;26;3;3;2
0;0;4;0;2;4;4;4;1;1;1;0;0;0
0;2;34;0;155;277;7;7;0;37;59;7;3;7
0;0;4;0;2;4;29;29;0;1;5;0;0;2
0;0;0;0;0;0;0;0;0;0;0;0;0;0
0;0;0;0;0;0;0;0;0;0;0;0;0;0
0;0;0;0;0;0;0;0;0;0;0;0;0;0
0;0;7;1;8;10;30;30;1;12;15;1;0;3
0;0;0;0;0;0;0;0;0;0;0;0;0;0
0;0;0;0;0;0;0;0;0;0;0;0;0;0
1;0;22;2;27;47;29;29;2;3;35;3;0;5
0;0;26;0;20;46;21;21;2;21;45;0;0;7
1;0;16;0;64;9196;28;28;1;52;8;11;3;1
0;0;17;0;42;90;18;18;0;18;23;11;2;2
0;0;5;1;5;4;23;23;8;0;0;14;5;0
0;0;0;0;0;0;0;0;0;0;0;0;0;0
1;1;24;0;14;1020;22;22;4;28;14;2;2;3
0;1;6;0;0;0;1;1;1;1;59;13;0;0
1;0;3;0;0;0;6;6;0;0;12;1;0;0
0;0;0;0;0;0;0;0;0;0;0;0;0;0
2;0;0;0;0;0;29;29;8;0;29;3;0;0
0;0;0;0;0;0;0;0;0;0;0;0;0;0
0;0;1;0;2;2;5;5;0;0;3;2;1;1
0;0;0;1;0;0;9;9;2;0;24;2;0;0
0;0;4;0;2;4;29;29;2;0;0;2;0;2
0;0;0;0;0;0;0;0;0;0;0;0;0;0
0;0;0;0;0;0;0;0;0;0;0;0;0;0
0;0;9;0;10;12;7;7;1;0;17;0;0;1
1;0;6;0;6;11;17;17;6;1;0;0;0;2
0;0;0;0;0;0;0;0;0;0;0;0;0;0
0;0;0;0;0;0;0;0;0;0;0;0;0;0
0;0;1;0;0;0;9;9;1;0;0;0;0;0
0;0;0;0;0;0;0;0;0;0;0;0;0;0
0;0;1;0;0;1;1;1;1;0;8;0;0;0
0;0;0;0;0;0;0;0;0;0;0;0;0;0
0;0;0;0;0;0;11;11;0;0;2;0;0;0
0;0;0;0;0;0;0;0;0;0;0;0;0;0
4;0;6;0;0;2;6;6;3;1;14;0;0;0
1;0;18;0;65;92;35;35;7;42;20;3;0;4
0;0;0;0;0;0;2;2;2;0;0;0;0;0
0;0;0;0;0;0;0;0;0;0;0;0;0;0
0;0;0;0;0;0;0;0;0;0;0;0;0;0
0;0;0;0;0;0;0;0;0;0;0;0;0;0
0;1;0;0;0;0;14;14;0;0;0;4;3;0
1;0;2;1;2;2;15;15;5;1;1;3;2;2
0;0;0;0;0;0;6;6;0;0;0;0;0;0
0;0;8;0;4;25;16;16;0;20;10;0;1;1
0;0;0;0;0;0;0;0;0;0;0;0;0;0
1;0;2;1;2;2;12;12;0;0;0;2;1;0
0;0;0;3;0;0;6;6;0;0;1;0;0;0
0;0;0;0;0;0;0;0;0;0;0;0;0;0
0;0;1;0;0;0;3;3;0;0;0;0;0;0
0;0;0;0;0;0;2;2;0;0;0;0;0;0
0;0;0;0;0;0;0;0;0;0;0;0;0;0
0;0;1;0;0;0;3;3;1;0;0;0;0;0
1;0;5;2;3;16;98;98;3;12;12;6;3;2
1;0;4;0;1;12;23;23;0;8;0;1;0;0
0;0;39;1;49;81;27;27;1;28;100;9;11;7
1;0;0;1;0;0;8;8;1;0;1;1;0;0
0;0;2;0;2;4;21;21;5;2;2;0;0;0
0;0;3;0;0;0;0;0;0;0;4;0;0;0
1;0;15;2;78;85;17;17;3;10;20;3;0;3
1;0;5;0;3;14;0;0;0;7;2;0;0;1
1;0;3;5;0;0;7;7;4;0;0;9;5;0
0;0;9;0;7;38;17;17;2;29;0;6;4;3
0;0;0;0;0;0;0;0;0;0;0;0;0;0
0;0;0;0;0;0;0;0;0;0;0;0;0;0
0;0;0;0;0;0;0;0;0;0;0;0;0;0
1;0;11;2;29;111;7;7;1;88;43;6;2;7
0;0;0;0;0;0;0;0;0;0;0;0;0;0
0;0;2;0;1;2;10;10;0;0;1;5;2;0
0;0;0;0;0;0;0;0;0;0;0;0;0;0
0;0;0;0;0;0;6;6;0;0;3;0;0;0
0;0;24;1;13;84;45;45;0;63;28;4;6;8
0;0;17;1;13;27;13;13;2;7;4;8;2;2
0;0;3;0;2;2;10;10;3;0;0;5;1;1
1;0;8;0;9;21;17;17;0;6;5;0;0;1
0;0;0;0;0;0;2;2;1;0;0;0;0;0
1;0;0;0;0;0;1;1;0;0;0;0;0;0
0;0;0;0;0;0;5;5;1;0;5;0;0;0
0;0;21;1;13;32;47;47;4;4;24;6;0;8
4;0;23;3;19;65;37;37;5;41;37;19;5;12
0;0;0;0;0;0;10;10;0;0;0;0;0;0
0;0;42;1;81;810;26;26;17;236;56;1;0;10
0;0;0;0;0;0;0;0;0;0;0;0;0;0
0;0;9;0;3;5;8;8;0;4;21;0;0;0
4;0;12;3;4;43;16;16;5;7;5;16;10;2
0;0;6;1;3;5;12;12;2;0;19;6;4;1
0;0;0;0;0;0;0;0;0;0;0;0;0;0
1;0;10;1;56;117;12;12;4;23;10;9;1;4
1;0;11;0;15;1220;50;50;8;9;10;4;0;7
0;0;0;0;0;0;2;2;1;0;0;0;0;0
0;2;0;1;0;0;6;6;0;0;4;0;0;0
0;0;12;0;3;132;5;5;0;39;0;5;3;0
5;0;21;0;120;1279;19;19;2;63;2;11;2;2
0;0;0;0;0;0;7;7;1;0;0;0;0;0
1;0;13;1;1;1;73;73;9;0;45;0;0;0
2;0;0;0;0;0;0;0;0;0;0;0;0;0
0;0;0;0;0;0;0;0;0;0;0;0;0;0
0;0;0;0;0;0;0;0;0;0;0;0;0;0
0;0;0;1;0;0;12;12;0;0;0;1;0;0
0;0;5;0;1;7;6;6;0;3;0;0;0;0
1;0;3;0;0;4;15;15;3;1;17;6;1;0
0;0;0;0;0;0;0;0;0;0;0;0;0;0
1;2;0;2;0;0;8;8;0;0;7;2;0;0
0;0;3;0;2;4;0;0;0;0;2;0;0;0
2;0;12;1;4;35;10;10;0;26;2;6;2;1
0;0;17;4;9;13;8;8;1;0;15;4;0;6
0;0;0;0;0;0;0;0;0;0;0;0;0;0
2;0;4;0;2;4;5;5;1;1;6;0;0;1
0;0;3;0;1;6;5;5;2;0;3;0;0;0
0;0;0;2;0;0;8;8;1;0;3;0;0;0
0;0;4;2;7;10;19;19;2;4;4;0;0;4
0;0;0;0;0;0;0;0;0;0;0;0;0;0
1;0;15;5;25;46;23;23;4;18;36;1;1;5
0;0;8;1;9;35;12;12;6;9;7;4;1;1
1;0;1;0;0;1;0;0;0;0;0;0;0;0
1;0;0;0;0;0;5;5;4;0;2;1;2;0
2;0;4;0;2;8;8;8;2;4;0;1;0;0
4;1;19;1;20;93;25;25;9;21;40;3;2;3
3;0;0;1;0;0;19;19;4;0;1;2;0;0
1;0;0;0;0;0;2;1;0;0;0;0;0;0
0;0;16;0;21;45;32;32;6;17;7;14;4;8
1;0;7;0;13;21;23;23;3;8;2;0;0;3
0;0;0;0;0;0;0;0;0;0;0;0;0;0
1;0;4;0;0;0;17;17;1;0;15;1;0;0
0;2;9;1;5;23;34;34;5;15;22;6;2;3
0;0;7;0;0;2;6;6;1;0;2;2;2;0
0;0;0;0;0;0;0;0;0;0;0;0;0;0
0;0;0;0;0;0;0;0;0;0;0;0;0;0
1;0;2;0;2;12;2;2;1;10;2;0;0;0
0;0;0;0;0;0;5;5;0;0;0;0;0;0
1;0;10;0;7;34;14;14;2;18;11;3;3;6
0;0;2;0;0;3;0;0;0;1;3;0;0;0
0;0;0;0;0;0;0;0;0;0;0;0;0;0
1;4;51;2;94;962;45;45;1;182;3;32;24;7
0;0;0;0;0;0;0;0;0;0;0;0;0;0
0;0;0;0;0;0;0;0;0;0;0;0;0;0
1;0;2;0;0;1;0;0;0;0;0;0;0;0
1;2;16;1;31;648;13;13;4;43;76;1;3;1
1;1;7;1;3;14;36;36;3;4;6;9;3;3
1;0;10;0;5;1196;15;15;1;32;14;4;2;1
0;0;0;0;0;0;0;0;0;0;0;0;0;0
0;0;0;0;0;0;0;0;0;0;0;0;0;0
0;0;0;0;0;0;6;6;2;0;0;0;0;0
0;0;13;1;18;142;14;14;1;14;16;0;0;6
0;0;0;0;0;0;0;0;0;0;0;0;0;0
0;0;25;6;15;177;36;36;5;7;86;0;0;6
0;0;0;0;0;0;10;10;1;0;0;0;0;0
0;0;0;0;0;0;0;0;0;0;0;0;0;0
0;0;0;0;0;0;0;0;0;0;0;0;0;0
0;0;5;0;3;6;11;11;1;4;3;0;0;0
1;0;1;0;0;0;0;0;0;0;10;0;0;0
0;0;0;0;0;0;11;11;0;0;0;0;0;0
0;0;0;0;0;0;0;0;0;0;0;0;0;0
0;0;0;0;0;0;0;0;0;0;0;0;0;0
1;0;23;1;11;40;29;29;8;19;30;5;1;7
1;0;18;1;19;32;26;26;1;7;17;8;2;4
0;0;6;0;3;27;4;4;1;16;12;0;0;0
0;0;0;0;0;0;6;6;0;0;0;0;0;0
0;0;1;0;0;1;15;15;1;0;0;0;0;0
0;0;5;0;1;2;23;23;5;0;41;0;0;0
0;0;0;0;0;0;2;2;0;0;0;0;0;0
0;0;0;0;0;0;0;0;0;0;0;0;0;0
0;0;0;0;0;0;0;0;0;0;0;0;0;0
1;0;1;0;0;0;0;0;0;0;0;0;0;0
0;0;0;0;0;0;0;0;0;0;0;0;0;0
0;0;0;0;0;0;0;0;0;0;0;0;0;0
0;0;0;0;0;0;0;0;0;0;0;0;0;0
1;0;9;0;1;7;7;7;5;3;12;3;0;0
0;0;0;0;0;0;0;0;0;0;0;0;0;0
1;2;1;1;0;0;19;19;2;0;5;4;2;0
0;0;0;0;0;0;0;0;0;0;0;0;0;0
0;0;0;0;0;0;0;0;0;0;0;0;0;0
0;0;1;0;0;1;0;0;0;0;2;0;0;0
0;0;0;0;0;0;3;3;2;0;0;0;0;0
0;0;9;1;12;40;86;86;3;25;9;7;4;0
0;0;0;0;0;0;0;0;0;0;0;0;0;0
0;0;5;1;2;5;44;44;0;0;3;1;0;0
0;0;0;0;0;0;6;6;1;0;17;4;0;0
0;0;0;0;0;0;27;27;1;0;0;1;1;0
1;0;0;0;0;0;0;0;0;0;0;0;0;0
0;0;3;0;2;4;2;2;1;0;0;4;0;1
0;0;0;0;0;0;1;1;0;0;0;0;0;0
3;0;17;0;14;56;18;18;7;32;2;8;5;3
0;0;4;0;1;3;15;15;2;0;0;3;0;1
0;0;0;0;0;0;0;0;0;0;0;0;0;0
0;0;0;0;0;0;8;8;3;0;0;0;0;0
0;0;0;0;0;0;0;0;0;0;0;0;0;0
2;0;9;1;13;324;11;11;0;43;19;1;1;4
0;0;29;0;8;436;11;11;0;30;18;3;2;5
0;0;4;0;0;1;0;0;0;0;3;0;0;0
0;0;0;0;0;0;0;0;0;0;0;0;0;0
3;0;34;1;495;1057;34;34;2;106;36;5;1;9
0;0;0;4;0;0;7;7;2;0;1;0;0;0
0;0;0;0;0;0;0;0;0;0;0;0;0;0
0;0;0;0;0;0;7;7;0;0;0;0;0;0
1;3;27;0;15;1939;27;27;1;34;3;12;3;3
0;0;0;0;0;0;7;7;1;0;0;0;0;0
0;0;0;0;0;0;0;0;0;0;0;0;0;0
0;0;2;0;0;1;10;10;1;0;4;2;0;0
0;0;0;0;0;0;2;2;0;0;7;1;0;0
0;0;1;0;1;1;14;14;2;0;9;0;0;1
0;0;0;0;0;0;13;13;6;0;1;0;0;0
0;1;9;1;35;50;7;7;0;16;9;1;0;2
0;0;0;1;0;0;20;20;3;0;0;1;0;0
3;0;27;3;147;134;10;10;7;7;55;10;1;20
0;0;0;0;0;0;3;3;1;0;0;0;0;0
0;0;22;2;19;111;18;18;2;89;35;3;5;1
0;0;0;0;0;0;0;0;0;0;0;0;0;0
0;0;0;0;0;0;0;0;0;0;0;0;0;0
0;0;3;0;1;4;4;4;1;2;0;0;0;0
0;0;0;0;0;0;19;19;1;0;0;2;1;0
0;0;0;0;0;0;0;0;0;0;0;0;0;0
3;0;9;1;2;6;20;19;4;0;47;0;1;2
0;5;6;1;1;11;22;22;2;5;0;3;0;1
0;0;6;0;16;547;25;25;3;17;0;1;0;1
0;0;0;0;0;0;0;0;0;0;0;0;0;0
0;0;0;0;0;0;5;5;0;0;0;0;0;0
0;0;6;1;3;8;14;14;7;1;4;2;0;2
1;0;3;0;8;18;9;9;1;10;4;0;0;2
0;0;0;0;0;0;0;0;0;0;0;0;0;0
0;0;0;0;0;0;6;5;0;0;2;0;0;0
0;0;10;1;10;21;26;26;1;5;3;8;0;3
0;0;0;0;0;0;0;0;0;0;0;0;0;0
1;0;9;0;2;14;12;12;0;9;14;8;6;1
2;0;0;0;0;0;0;0;0;0;0;0;0;0
3;1;8;2;3;24;22;22;5;19;8;3;0;0
0;0;0;4;0;0;18;18;1;0;12;2;1;0
0;0;4;1;5;7;19;19;0;1;30;2;0;1
1;0;3;0;0;5;0;0;0;0;7;0;0;0
0;1;3;1;0;0;19;19;0;0;0;2;1;0
1;0;1;0;0;0;6;6;0;0;0;0;0;0
0;0;0;0;0;0;0;0;0;0;0;0;0;0
0;0;0;0;0;0;6;6;5;0;0;0;0;0
0;0;0;0;0;0;0;0;0;0;0;0;0;0
0;0;2;0;1;6;30;30;1;4;4;4;0;1
0;0;0;0;0;0;0;0;0;0;0;0;0;0
0;0;0;0;0;0;0;0;0;0;0;0;0;0
0;0;0;1;0;0;12;12;2;0;5;2;0;0
0;0;0;0;0;0;10;10;2;0;0;0;0;0
0;0;0;0;0;0;2;2;0;0;0;0;0;0
0;0;0;0;0;0;7;7;1;0;0;0;0;0
0;0;0;0;0;0;8;8;3;0;0;0;0;0
1;0;16;0;2;7;16;16;2;0;8;1;1;1
0;0;1;0;0;0;9;9;0;0;1;0;0;0
0;0;4;0;10;12;1;1;1;1;14;0;0;2
0;0;12;2;5;21;17;17;3;8;11;11;0;0
0;0;12;0;22;49;11;11;4;29;15;0;0;1
0;0;3;1;5;10;7;7;0;6;14;4;4;1
0;0;0;0;0;0;3;3;0;0;0;0;0;0
0;0;0;0;0;0;0;0;0;0;0;0;0;0
1;1;3;2;2;6;31;31;7;3;8;1;1;0
0;0;0;0;0;0;0;0;0;0;0;0;0;0
1;0;8;0;8;27;19;19;0;5;5;1;1;1
0;0;0;0;0;0;4;4;0;0;0;0;0;0
1;0;5;0;6;16;6;6;1;9;18;0;0;1
1;0;20;1;17;128;73;73;5;31;31;6;2;5
0;0;0;0;0;0;0;0;0;0;0;0;0;0
0;0;0;0;0;0;0;0;0;0;0;0;0;0
0;0;0;1;0;0;10;10;3;0;8;2;2;0
0;0;16;0;4;15;16;16;2;8;10;3;0;2
0;0;13;0;11;106;29;29;4;7;8;0;0;7
1;0;14;1;12;901;53;48;10;27;123;5;1;5
1;0;11;1;9;25;18;18;5;30;30;0;0;4
1;0;1;0;1;1;16;16;1;0;0;0;0;0
1;0;11;1;10;24;16;16;0;10;2;2;0;6
0;0;0;0;0;0;0;0;0;0;0;0;0;0
0;0;0;0;0;0;10;10;5;0;0;0;0;0
0;0;2;0;24;16;13;13;9;4;6;1;0;1
1;0;7;0;7;9;28;28;6;0;16;1;0;2
0;0;0;0;0;0;12;12;1;0;3;2;0;0
0;0;4;0;1;3;30;29;4;0;2;0;0;1
0;0;0;0;0;0;0;0;0;0;0;0;0;0
0;0;2;0;0;2;3;3;0;0;8;1;0;0
1;0;0;0;0;0;0;0;0;0;0;0;0;0
0;0;1;0;1;1;3;3;1;0;5;0;0;1
0;0;0;0;0;0;3;3;1;0;0;0;0;0
0;0;0;0;0;0;0;0;0;0;0;0;0;0
1;0;2;1;0;4;14;14;6;3;0;1;0;0
1;0;9;0;1;6;12;12;2;4;20;0;0;0
1;0;1;0;1;2;0;0;0;2;3;0;0;0
0;0;0;0;0;0;28;28;5;0;0;0;0;0
1;0;2;0;0;1;0;0;0;0;7;2;0;0
0;0;7;0;1;2;0;0;0;0;12;0;0;0
3;0;4;0;1;4;62;62;3;1;33;1;0;1
0;0;0;0;0;0;5;5;1;0;0;0;0;0
0;0;8;2;8;12;34;34;1;3;17;9;2;1
0;0;0;0;0;0;0;0;0;0;0;0;0;0
0;0;0;0;0;0;0;0;0;0;0;0;0;0
0;0;0;1;0;0;20;20;0;0;14;0;0;0
0;0;0;0;0;0;0;0;0;0;0;0;0;0
2;0;9;1;9;242;19;19;5;6;0;2;0;1
0;0;0;0;0;0;0;0;0;0;0;0;0;0
0;0;0;0;0;0;0;0;0;0;0;0;0;0
0;0;3;0;1;5;19;19;0;0;2;0;0;0
0;0;0;0;0;0;0;0;0;0;0;0;0;0
0;0;26;1;33;316;60;60;1;97;54;5;3;2
1;0;18;0;7;501;21;21;3;28;50;4;0;0
0;0;14;1;18;123;19;19;3;7;24;9;1;3
0;0;2;0;0;0;8;8;5;0;7;0;0;0
6;0;2;1;1;4;7;7;6;2;2;0;0;0
0;0;1;0;0;0;67;67;0;0;10;2;2;0
0;0;3;0;4;6;13;9;1;4;2;0;0;1
0;0;18;0;15;63;28;28;1;33;67;6;2;2
1;0;27;1;32;491;34;34;0;94;47;3;1;10
1;0;4;0;0;0;6;5;0;0;18;0;0;0
0;0;0;0;0;0;4;4;0;0;0;0;0;0
1;0;24;1;10;129;33;33;5;34;44;1;1;7
1;0;10;1;11;145;41;41;6;20;4;0;0;5
0;1;2;0;4;8;9;9;0;4;3;0;0;0
0;0;0;0;0;0;3;3;0;0;0;0;0;0
0;1;1;1;0;2;10;10;3;2;11;3;1;0
1;0;2;0;0;0;0;0;0;0;0;0;0;0
0;0;0;0;0;0;0;0;0;0;4;2;0;0
0;0;18;1;2;8;15;15;3;0;0;4;0;2
0;0;0;0;0;0;0;0;0;0;0;0;0;0
1;1;28;1;165;211;40;40;4;55;84;3;1;12
0;0;0;0;0;0;0;0;0;0;0;0;0;0
0;0;1;1;0;25;23;23;4;11;6;0;0;0
0;0;0;4;0;0;6;6;1;0;9;0;0;0
0;0;0;0;0;0;0;0;0;0;0;0;0;0
1;2;16;2;6;21;26;26;8;7;34;4;2;4
1;0;15;1;60;76;15;15;4;84;10;2;1;4
0;0;2;0;0;0;0;0;0;0;3;0;0;0
1;0;8;1;80;123;9;9;5;82;30;18;4;4
1;0;0;0;0;0;0;0;0;0;0;0;0;0
0;0;0;0;0;0;6;6;1;0;0;0;0;0
0;0;2;1;0;0;17;17;0;0;19;7;5;0
0;0;0;0;0;0;0;0;0;0;0;0;0;0
0;0;0;0;0;0;0;0;0;0;0;0;0;0
0;1;3;0;5;14;7;7;1;8;0;3;0;1
0;0;9;0;7;25;24;24;1;3;2;0;0;4
0;0;7;0;7;13;11;11;0;6;0;0;0;1
0;0;30;1;198;237;21;21;1;59;63;4;0;3
0;0;8;5;7;15;15;15;0;5;23;3;2;0
0;0;0;0;0;0;0;0;0;0;0;0;0;0
1;0;5;0;4;5;0;0;0;0;6;2;0;0
0;0;0;0;0;0;3;3;0;0;0;0;0;0
0;0;0;0;0;0;0;0;0;0;0;0;0;0
1;0;0;0;0;0;0;0;0;0;0;0;0;0
0;1;6;0;1;9;11;11;4;1;5;0;0;1
0;0;1;0;0;0;7;7;2;0;1;0;0;0
0;0;3;0;0;0;0;0;0;0;6;0;0;0
0;0;0;0;0;0;0;0;0;0;0;0;0;0
0;0;1;0;0;1;1;1;0;0;2;0;0;0
0;0;0;0;0;0;14;14;1;0;0;0;0;0
0;0;0;0;0;0;6;6;1;0;0;0;0;0
0;0;0;0;0;0;0;0;0;0;0;0;0;0
0;0;5;0;3;5;7;7;0;0;9;0;0;0
0;0;17;0;23;59;20;20;3;43;5;1;1;10
0;0;0;0;0;0;0;0;0;0;0;0;0;0
0;0;20;0;34;113;10;10;3;16;32;1;2;8
2;0;15;0;0;61;13;13;4;7;0;17;1;0
0;0;11;1;2;15;20;20;0;9;6;2;0;2
0;0;0;1;0;0;10;10;7;0;9;11;7;0
0;0;0;0;0;0;0;0;0;0;0;0;0;0
2;0;16;0;11;28;6;6;3;15;33;3;0;3
3;1;27;0;69;3008;42;42;3;84;26;0;0;9
0;0;4;1;4;5;11;11;1;1;7;2;1;3
0;0;0;0;0;0;0;0;0;0;0;0;0;0
0;0;0;0;0;0;0;0;0;0;0;0;0;0
1;0;4;0;8;61;15;15;1;6;0;0;0;3
0;0;0;0;0;0;31;31;8;0;2;0;0;0
0;0;0;0;0;0;0;0;0;0;0;0;0;0
0;0;0;0;0;0;0;0;0;0;0;0;0;0
3;0;3;0;1;4;1;1;1;2;0;0;0;0
0;1;18;2;12;22;12;12;2;8;46;3;0;5
3;0;20;0;12;33;28;28;4;13;53;0;5;9
0;0;2;0;2;2;5;5;0;0;0;0;0;1
1;0;13;1;11;29;14;14;2;14;8;8;0;1
0;0;0;0;0;0;0;0;0;0;0;0;0;0
0;1;0;0;0;0;0;0;0;0;0;0;0;0
0;0;0;0;0;0;0;0;0;0;0;0;0;0
0;0;0;0;0;0;0;0;0;0;0;0;0;0
0;0;0;0;0;0;0;0;0;0;0;0;0;0
0;0;0;0;0;0;0;0;0;0;0;0;0;0
0;0;0;0;0;0;3;3;2;0;0;0;0;0
1;0;1;0;0;1;4;4;3;0;0;0;0;0
3;3;0;1;0;0;10;10;1;0;3;1;0;0
1;0;0;0;0;0;22;22;3;0;11;2;1;0
0;1;48;2;123;1083;20;20;0;35;81;7;3;42
0;0;0;1;0;0;26;26;7;0;5;4;1;0
0;0;12;0;3;3;0;0;0;0;10;3;2;1
0;0;0;0;0;0;0;0;0;0;0;0;0;0
0;0;1;0;0;0;24;24;0;0;0;1;0;0
0;0;0;0;0;0;2;2;0;0;0;0;0;0
3;5;12;1;15;773;8;8;0;19;6;1;0;0
0;0;0;0;0;0;8;9;0;0;6;0;0;0
1;0;6;0;9;402;9;9;1;15;4;2;0;0
0;0;0;0;0;0;25;25;4;0;0;0;0;0
0;0;2;1;1;1;8;8;1;0;6;1;1;1
1;0;0;0;0;0;2;2;0;0;0;0;0;0
0;0;14;3;18;970;84;84;9;71;33;3;1;5
0;0;4;0;1;1;18;18;0;0;22;3;3;0
0;0;4;0;5;36;20;20;6;20;3;2;0;1
0;0;0;0;0;0;0;0;0;0;0;0;0;0
0;0;0;0;0;0;0;0;0;0;0;0;0;0
0;0;0;0;0;0;0;0;0;0;0;0;0;0
0;0;0;0;0;0;0;0;0;0;0;0;0;0
1;0;3;0;2;2;6;6;1;0;0;0;0;0
0;0;3;0;0;7;18;17;0;4;5;1;1;0
0;0;1;0;1;1;0;0;0;0;0;0;0;0
0;0;0;0;0;0;1;1;1;0;0;0;0;0
0;0;2;0;2;2;5;5;2;2;4;0;0;0
0;0;0;1;0;0;18;18;1;0;1;0;0;0
1;0;6;0;4;24;13;13;9;15;1;0;0;3
0;0;1;0;2;5;2;2;0;4;0;0;0;0
0;0;0;0;0;0;9;9;0;0;69;1;0;0
0;0;0;0;0;0;0;0;0;0;0;0;0;0
0;0;0;0;0;0;0;0;0;0;0;0;0;0
0;0;2;0;0;0;6;6;0;0;0;0;0;0
0;0;0;0;0;0;22;22;0;0;26;3;0;0
1;0;1;0;0;2;26;26;7;1;12;1;0;0
0;0;17;1;14;37;12;12;2;12;11;3;1;5
0;0;2;0;0;0;3;3;1;0;5;2;0;0
0;0;0;0;0;0;0;0;0;0;0;0;0;0
0;1;0;0;0;0;8;8;0;0;1;0;0;0
0;0;0;0;0;0;2;2;2;0;0;0;0;0
0;0;0;1;0;0;6;6;0;0;4;1;0;0
0;0;0;0;0;0;0;0;0;0;0;0;0;0
0;0;0;0;0;0;0;0;0;0;0;0;0;0
1;1;11;6;55;92;12;12;4;38;16;0;0;2
0;0;11;0;23;58;24;24;3;32;12;1;0;0
0;0;0;0;0;0;0;0;0;0;0;0;0;0
0;0;0;0;0;0;5;5;5;0;0;0;0;0
0;0;0;0;0;0;0;0;0;0;2;0;0;0
0;0;0;0;0;0;0;0;0;0;0;0;0;0
0;0;0;1;0;0;10;10;6;0;4;0;0;0
3;0;11;0;22;38;21;21;2;2;10;1;0;4
0;0;0;0;0;0;4;4;0;0;0;0;0;0
0;0;3;1;0;0;7;7;0;0;2;2;0;0
0;0;3;0;0;2;12;12;2;1;1;0;0;0
0;0;0;0;0;0;0;0;0;0;0;0;0;0
0;0;0;0;0;0;0;0;0;0;0;0;0;0
0;0;0;0;0;0;0;0;0;0;0;0;0;0
3;1;9;1;4;8;23;23;9;0;2;2;0;1
0;0;0;0;0;0;0;0;0;0;0;0;0;0
1;0;15;0;57;420;5;5;1;21;30;0;0;6
0;0;0;0;0;0;10;10;2;0;0;0;0;0
0;0;4;0;3;11;7;7;1;8;2;0;0;1
1;0;0;0;0;0;0;0;0;0;0;0;0;0
0;0;0;0;0;0;3;3;1;0;0;0;0;0
1;0;7;0;2;4;8;8;4;0;3;0;0;1
0;0;13;0;8;38;6;6;0;26;24;0;0;3
0;0;0;0;0;0;5;3;0;0;0;0;0;0
0;0;0;0;0;0;6;6;1;0;0;0;0;0
1;1;5;0;1;4;47;47;2;0;0;3;0;0
0;0;15;1;6;53;12;12;0;43;22;1;0;4
0;0;0;0;0;0;7;7;2;0;7;1;0;0
1;0;1;0;0;1;4;4;2;0;0;0;0;0
0;0;0;0;0;0;1;1;0;0;0;0;0;0
2;0;9;0;14;43;38;38;1;8;1;7;0;0
0;0;0;0;0;0;0;0;0;0;0;0;0;0
0;1;10;0;8;11;3;3;1;0;1;10;0;7
0;0;11;0;33;51;26;26;4;20;4;4;4;2
1;0;17;0;16;341;22;22;0;22;0;11;0;13
0;0;1;0;0;0;4;4;1;0;9;0;0;0
0;0;0;0;0;0;0;0;0;0;0;0;0;0
0;1;1;1;0;0;6;6;1;0;1;10;1;0
0;0;0;0;0;0;9;9;0;0;0;2;0;0
1;0;7;1;7;21;29;29;5;6;17;0;0;5
0;0;13;0;22;42;25;25;1;11;15;1;0;3
0;0;9;0;9;28;23;23;3;15;6;0;0;3
1;0;18;1;133;221;40;40;0;66;42;12;2;5
0;0;0;0;0;0;0;0;0;0;3;0;0;0
0;0;0;0;0;0;0;0;0;0;0;0;0;0
70;2;9;0;0;0;3;3;1;0;34;6;2;0
0;0;4;0;0;3;23;23;3;1;1;0;0;0
0;0;0;0;0;0;0;0;0;0;0;0;0;0
1;0;16;1;60;73;13;13;3;33;38;0;0;2
0;0;1;0;2;2;0;0;0;0;0;0;0;0
0;0;6;0;2;11;2;2;1;8;5;0;0;0
0;0;0;0;0;0;0;0;0;0;0;0;0;0
0;0;1;1;0;1;26;26;10;0;2;1;0;0
1;0;29;3;51;150;23;23;3;89;69;5;3;6
0;0;0;0;0;0;0;0;0;0;0;0;0;0
0;0;0;0;0;0;12;12;2;0;0;0;0;0
0;0;0;0;0;0;0;0;0;0;0;0;0;0
0;0;0;0;0;0;6;5;0;0;1;0;0;0
0;0;0;0;0;0;8;8;0;0;1;1;0;0
1;0;29;1;5;33;26;26;0;23;56;0;0;1
0;0;0;0;0;0;0;0;0;0;0;0;0;0
0;0;1;0;1;2;13;13;4;0;1;0;0;1
0;0;0;0;0;0;0;0;0;0;0;0;0;0
0;0;4;0;4;28;7;6;1;26;6;1;2;2
0;0;1;0;0;0;30;30;1;0;0;0;0;0
0;0;1;2;0;0;12;12;2;0;1;3;2;0
0;0;2;1;1;4;14;14;1;2;9;8;4;0
0;0;7;0;5;17;14;14;0;8;0;1;0;3
0;0;0;0;0;0;20;16;2;0;1;1;0;0
0;0;3;1;0;0;16;16;11;0;6;5;1;0
0;0;17;0;5;9;3;3;1;0;4;1;0;0
0;0;0;0;0;0;5;5;1;0;0;0;0;0
0;0;0;0;0;0;0;0;0;0;0;0;0;0
0;1;11;0;7;52;61;61;2;42;42;5;0;0
0;0;9;0;8;116;21;21;2;28;5;2;1;1
0;0;8;0;4;10;4;4;0;5;10;10;2;0
0;0;4;1;1;1;27;27;4;0;21;1;1;0
0;0;0;1;0;0;0;0;0;0;1;0;0;0
0;0;16;1;14;20;8;8;1;1;88;2;2;8
0;0;5;0;2;2;28;28;3;0;19;0;0;0
1;0;8;0;32;38;29;27;11;8;3;0;0;3
0;0;0;1;0;0;14;12;0;0;3;0;0;0
0;0;0;0;0;0;13;13;3;0;0;0;0;0
0;0;0;0;0;0;1;1;0;0;0;0;0;0
0;0;0;0;0;0;0;0;0;0;0;0;0;0
0;0;0;1;0;0;4;4;0;0;0;1;0;0
1;0;3;1;0;0;12;12;2;0;43;1;1;0
0;0;0;0;0;0;0;0;0;0;0;0;0;0
2;0;21;1;123;134;21;21;0;16;58;1;0;1
0;0;2;0;13;24;10;10;1;14;0;0;0;0
1;0;7;0;3;6;10;10;3;0;1;1;0;0
0;0;3;0;1;2;6;6;3;1;4;0;0;0
0;0;0;0;0;0;0;0;0;0;0;0;0;0
2;0;34;0;102;176;24;24;0;81;33;3;0;19
1;2;9;0;11;29;38;38;0;20;10;4;5;2
1;0;23;0;16;42;16;16;3;20;25;4;3;5
2;0;6;0;2;3;2;2;1;0;4;4;0;1
0;0;0;0;0;0;0;0;0;0;0;0;0;0
0;0;0;0;0;0;0;0;0;0;0;0;0;0
0;0;0;0;0;0;0;0;0;0;0;0;0;0
3;1;25;1;38;56;17;17;4;11;45;3;1;5
0;0;0;0;0;0;0;0;0;0;0;0;0;0
4;0;0;3;0;0;7;7;6;0;0;6;3;0
1;0;58;2;18;1912;20;20;0;231;110;12;8;9
0;0;0;0;0;0;0;0;0;0;0;0;0;0
0;0;0;0;0;0;0;0;0;0;0;0;0;0
0;1;6;3;3;15;32;32;1;10;3;0;0;1
1;0;22;1;20;422;27;27;1;48;27;4;0;3
2;0;40;1;35;302;23;22;7;86;64;2;0;11
0;0;12;2;6;59;18;18;3;2;14;0;0;4
0;0;0;0;0;0;0;0;0;0;0;0;0;0
0;0;2;0;1;3;4;4;0;1;1;0;0;0
0;0;0;0;0;0;0;0;0;0;0;0;0;0
0;0;3;0;0;3;6;6;5;0;5;6;1;0
1;0;6;1;3;25;25;25;2;21;17;0;0;2
1;0;2;1;2;7;32;32;2;4;9;1;1;2
0;0;25;0;11;19;18;18;10;0;57;16;6;7
0;0;0;0;0;0;0;0;0;0;0;0;0;0
2;0;13;0;47;119;10;10;1;15;26;2;0;4
0;0;0;0;0;0;0;0;0;0;0;0;0;0
0;0;3;0;0;0;0;0;0;0;5;1;0;0
0;0;0;0;0;0;0;0;0;0;0;0;0;0
2;0;16;1;11;31;14;14;4;4;18;12;3;9
1;0;2;0;0;0;42;42;6;0;5;4;0;0
0;0;0;0;0;0;9;9;4;0;4;1;0;0
0;0;0;0;0;0;10;10;3;0;2;1;0;0
4;1;83;0;14;206;26;26;1;36;122;13;7;4
1;0;0;0;0;0;25;25;0;0;0;6;1;0
0;0;5;0;1;3;5;5;1;0;5;0;0;1
0;0;0;0;0;0;7;7;0;0;0;0;0;0
0;0;0;0;0;0;0;0;0;0;0;0;0;0
0;0;1;1;0;1;23;22;4;0;14;3;0;0
0;0;0;0;0;0;24;24;2;0;0;0;0;0
0;0;0;0;0;0;0;0;0;0;0;0;0;0
1;0;8;0;3;11;20;20;4;2;9;2;1;2
1;0;0;2;0;0;10;10;1;0;14;1;0;0
0;0;7;0;0;0;0;0;0;0;6;0;1;0
0;0;0;0;0;0;16;16;6;0;1;1;0;0
0;0;2;3;0;2;29;29;1;1;1;4;2;0
0;0;0;0;0;0;9;9;0;0;1;0;0;0
0;0;0;0;0;0;10;10;1;0;3;0;0;0
4;6;26;7;23;70;28;28;3;23;55;11;3;18
0;1;0;0;0;0;5;5;0;0;0;0;0;0
0;2;19;2;12;45;19;19;2;29;45;1;0;3
0;0;0;0;0;0;0;0;0;0;0;0;0;0
2;0;50;5;151;184;22;22;4;36;148;16;11;21
0;0;0;0;0;0;6;6;0;0;1;0;0;0
0;0;0;0;0;0;0;0;0;0;0;0;0;0
0;0;2;0;0;2;4;4;3;0;0;0;0;0
3;3;25;1;18;42;28;28;6;51;5;23;14;6
0;0;0;0;0;0;0;0;0;0;0;0;0;0
0;0;1;0;3;2;14;14;1;0;0;0;0;1
0;0;0;0;0;0;7;7;1;0;0;0;0;0
0;0;0;0;0;0;0;0;0;0;0;0;0;0
0;0;0;0;0;0;0;0;0;0;0;0;0;0
3;1;28;2;29;55;14;14;8;22;47;3;1;5
1;0;2;0;0;9;6;6;1;8;7;5;1;0
0;0;0;0;0;0;0;0;0;0;0;0;0;0
1;0;4;1;0;2;8;8;2;1;15;2;0;0
0;0;5;2;3;3;22;22;0;0;3;0;0;0
0;0;22;0;16;49;36;36;4;11;19;9;0;11
1;1;19;1;12;55;34;34;6;32;17;14;4;5
0;0;0;0;0;0;4;4;0;0;0;0;0;0
3;2;11;0;129;155;76;76;2;55;28;2;0;5
1;1;13;1;9;36;31;31;1;16;3;1;1;7
2;0;4;0;2;11;8;8;1;5;9;0;0;0
4;1;15;2;26;42;27;27;5;20;105;9;6;4
1;1;5;1;3;6;12;12;5;3;28;1;0;0
0;0;0;0;0;0;0;0;0;0;0;0;0;0
2;0;0;1;0;0;6;6;1;0;18;3;1;0
0;0;1;1;0;0;7;7;0;0;10;0;0;0
0;0;0;0;0;0;0;0;0;0;0;0;0;0
1;0;1;0;0;0;2;2;0;0;0;1;0;0
2;3;6;1;6;54;33;33;4;4;30;0;0;0
0;0;0;0;0;0;0;0;0;0;0;0;0;0
0;0;0;0;0;0;0;0;0;0;0;0;0;0
0;0;3;0;4;359;2;2;0;9;12;0;0;1
0;0;2;0;0;1;17;17;2;0;0;0;0;0
0;0;0;0;0;0;5;5;2;0;0;0;0;0
0;0;1;0;0;0;5;5;5;0;0;0;0;0
0;0;1;1;0;0;18;14;1;0;3;2;2;0
0;0;10;0;11;39;0;0;0;30;0;4;0;10
0;1;6;0;6;12;27;27;1;7;1;1;0;1
0;0;0;0;0;0;0;0;0;0;0;0;0;0
1;0;6;1;2;4;39;39;3;1;18;1;2;2
0;0;3;0;15;52;7;7;0;13;12;0;0;0
1;0;0;0;0;0;31;29;0;0;3;0;0;0
0;0;0;0;0;0;0;0;0;0;0;0;0;0
1;0;3;0;3;10;8;8;4;7;10;2;3;3
0;0;0;0;0;0;11;11;0;0;0;0;0;0
0;0;4;0;2;6;7;7;3;3;0;0;0;0
2;0;18;3;2;17;11;11;1;1;72;4;1;2
0;0;0;0;0;0;0;0;0;0;0;0;0;0
0;0;1;0;2;13;14;14;0;12;1;0;0;0
0;0;0;0;0;0;0;0;0;0;0;0;0;0
0;0;0;0;0;0;0;0;0;0;0;0;0;0
0;0;0;0;0;0;16;16;0;0;0;0;0;0
0;0;1;0;0;1;4;4;1;0;0;0;0;0
0;0;15;0;23;36;17;17;5;2;13;2;2;13
1;0;12;1;4;10;25;25;0;0;22;9;3;2
0;0;27;0;28;41;22;22;10;6;45;2;1;4
0;0;3;0;8;19;8;7;0;0;11;3;0;0
1;0;10;4;6;12;10;10;1;2;26;0;2;3
0;0;0;0;0;0;2;2;3;0;0;0;0;0
0;0;8;1;2;5;7;7;2;0;3;1;1;2
0;0;0;0;0;0;0;0;0;0;0;0;0;0
0;0;3;0;63;67;11;11;1;9;3;0;0;1
0;0;6;0;1;10;27;27;3;3;2;0;0;0
0;0;0;0;0;0;0;0;0;0;0;0;0;0
0;0;0;0;0;0;0;0;0;0;0;0;0;0
1;0;9;0;3;1025;4;4;2;12;17;1;1;1
0;2;0;0;0;0;0;0;0;0;1;0;0;0
1;0;11;0;18;24;2;2;0;5;20;0;0;0
0;0;1;0;0;2;4;4;0;0;0;0;0;0
0;0;0;0;0;0;10;10;0;0;0;1;0;0
0;0;0;0;0;0;27;28;0;0;1;0;0;0
0;0;2;0;4;9;12;12;2;6;1;1;0;1
0;0;0;0;0;0;0;0;0;0;0;0;0;0
0;0;0;0;0;0;2;2;1;0;1;0;0;0
0;0;0;0;0;0;13;13;0;0;0;2;1;0
0;0;0;0;0;0;1;1;0;0;1;0;0;0
0;0;43;1;16;127;32;32;5;54;91;4;1;2
1;0;10;0;5;16;8;8;3;1;18;3;1;1
0;0;0;0;0;0;1;1;0;0;2;0;0;0
1;0;0;0;0;0;0;0;0;0;0;0;0;0
0;0;0;0;0;0;6;6;4;0;0;0;0;0
0;0;0;0;0;0;0;0;0;0;0;0;0;0
1;0;7;1;6;17;25;25;5;10;29;1;1;3
1;0;3;1;6;20;13;13;2;13;14;7;4;0
0;0;0;0;0;0;0;0;0;0;0;0;0;0
0;0;0;0;0;0;8;8;1;0;0;0;0;0
4;1;10;2;9;20;10;10;5;4;18;1;1;6
0;0;0;0;0;0;3;3;0;0;0;0;0;0
0;0;0;0;0;0;36;36;5;0;11;0;0;0
0;0;0;1;0;0;7;7;0;0;0;3;2;0
0;0;1;0;0;0;0;0;0;0;0;0;0;0
0;0;3;5;2;4;8;8;3;0;4;4;4;1
0;0;0;0;0;0;0;0;0;0;0;0;0;0
0;0;0;0;0;0;0;0;0;0;0;0;0;0
0;0;0;0;0;0;2;2;0;0;0;0;0;0
0;0;4;0;0;3;7;7;4;0;4;0;0;0
2;0;0;0;0;0;0;0;0;0;1;0;0;0
1;0;3;0;16;29;2;2;0;11;1;1;0;0
0;0;5;0;1;1;4;4;2;0;1;2;0;0
0;1;3;0;2;6;9;9;2;1;3;0;0;0
0;0;3;0;0;3;6;6;0;2;10;0;0;0
0;0;0;0;0;0;43;43;4;0;0;0;0;0
1;0;29;0;15;674;33;33;5;47;31;4;1;8
0;0;0;0;0;0;0;0;0;0;0;0;0;0
0;0;17;0;17;17087;23;23;2;51;20;1;0;5
0;0;1;0;0;0;0;0;0;0;5;0;0;0
1;1;15;1;20;136;14;14;0;30;35;0;0;5
2;0;3;0;1;3;3;3;1;1;1;0;0;0
0;0;0;0;0;0;0;0;0;0;0;0;0;0
0;0;0;0;0;0;0;0;0;0;0;0;0;0
0;3;4;5;0;34;10;10;0;1;13;4;2;0
0;0;6;1;2;4;16;15;5;0;41;2;2;1
0;0;0;0;0;0;0;0;0;0;0;0;0;0
1;0;0;0;0;0;0;0;0;0;0;0;0;0
1;0;10;0;10;71;9;9;2;5;20;0;0;1
1;0;6;0;0;2;9;9;3;1;8;0;0;0
0;0;0;0;0;0;0;0;0;0;0;0;0;0
0;0;0;0;0;0;0;0;0;0;0;0;0;0
0;0;7;0;3;7;2;2;1;0;3;0;0;1
0;0;0;0;0;0;0;0;0;0;0;0;0;0
0;0;1;0;0;0;5;5;1;0;0;0;0;0
0;0;1;0;0;8;7;7;0;7;8;0;0;0
1;0;2;0;0;0;7;7;0;0;0;0;0;0
0;0;0;0;0;0;6;6;1;0;0;0;0;0
0;0;6;0;13;17;12;12;2;0;10;1;0;2
0;0;0;0;0;0;0;0;0;0;0;0;0;0
0;0;0;0;0;0;0;0;0;0;0;0;0;0
1;0;0;0;0;0;4;4;2;0;0;0;0;0
0;0;0;0;0;0;0;0;0;0;0;0;0;0
0;0;0;0;0;0;0;0;0;0;1;0;0;0
1;0;24;0;14;16;8;8;1;1;40;3;0;4
1;0;16;1;28;615;98;98;5;14;26;5;6;3
0;0;0;0;0;0;0;0;0;0;0;0;0;0
0;0;0;0;0;0;17;17;5;0;0;0;0;0
0;0;0;0;0;0;0;0;0;0;11;0;0;0
0;0;0;0;0;0;0;0;0;0;0;0;0;0
0;0;12;0;12;919;6;6;0;18;2;1;0;1
0;0;0;0;0;0;0;0;0;0;0;0;0;0
0;0;0;0;0;0;24;24;0;0;0;1;0;0
0;0;14;0;12;18;33;33;7;0;10;9;0;6
0;0;4;0;2;36;22;22;6;2;0;0;0;1
0;0;0;0;0;0;31;31;1;0;0;3;0;0
0;0;0;0;0;0;0;0;0;0;0;0;0;0
0;0;7;0;4;10;12;12;4;1;2;5;2;2
0;0;0;0;0;0;5;5;0;0;0;0;0;0
0;0;0;1;0;0;8;8;1;0;0;3;1;0
0;0;9;3;10;37;29;29;0;24;10;6;1;3
0;0;0;0;0;0;0;0;0;0;0;0;0;0
0;0;7;0;51;71;14;14;5;30;0;1;0;1
0;0;7;0;21;54;10;10;3;25;7;3;1;5
0;0;1;0;0;0;18;18;2;0;1;1;0;0
0;0;0;0;0;0;0;0;0;0;0;0;0;0
4;0;6;1;1;7;6;6;2;1;24;1;0;1
0;1;2;4;2;12;18;17;5;1;19;2;0;1
0;0;0;0;0;0;0;0;0;0;0;0;0;0
0;0;0;0;0;0;0;0;0;0;0;0;0;0
0;0;0;0;0;0;10;10;1;0;0;0;0;0
0;1;4;1;8;176;13;13;0;2;0;3;1;1
0;0;23;0;28;43;10;10;0;10;20;0;0;4
0;0;0;0;0;0;1;1;0;0;0;0;0;0
0;0;0;0;0;0;0;0;0;0;0;0;0;0
0;0;0;0;0;0;0;0;0;0;0;0;0;0
0;0;0;0;0;0;0;0;0;0;0;0;0;0
0;0;0;0;0;0;0;0;0;0;0;0;0;0
1;2;2;1;0;5;27;27;2;0;29;2;1;0
1;0;16;0;14;24;8;8;3;13;44;4;1;0
0;0;0;0;0;0;0;0;0;0;0;0;0;0
2;0;12;1;7;20;11;11;7;6;18;3;1;4
0;0;4;0;0;3;0;0;0;0;5;0;0;0
0;0;4;3;3;8;13;13;2;5;11;2;0;1
0;0;0;0;0;0;0;0;0;0;0;0;0;0
0;0;0;0;0;0;0;0;0;0;0;0;0;0
0;0;5;0;6;14;9;9;2;8;2;0;0;4
0;0;3;0;1;1;9;9;4;0;5;0;0;0
1;0;34;3;121;270;19;19;1;66;69;5;2;6
0;0;0;1;0;0;12;12;7;0;0;2;1;0
0;0;0;0;0;0;0;0;0;0;0;0;0;0
0;0;0;0;0;0;15;15;1;0;0;0;0;0
0;0;2;0;0;0;4;4;2;0;0;0;0;0
0;0;4;2;1;3;13;13;4;2;1;6;5;0
0;0;0;0;0;0;0;0;0;0;0;0;0;0
0;0;0;0;0;0;0;0;0;0;0;0;0;0
1;0;15;2;28;48;9;9;1;14;16;9;4;4
0;0;0;0;0;0;0;0;0;0;0;0;0;0
0;0;0;1;0;0;24;24;2;0;5;0;0;0
0;1;12;1;3;51;36;36;3;1;21;8;3;1
0;0;0;0;0;0;0;0;0;0;0;0;0;0
1;2;34;1;31;101;15;15;8;105;57;2;4;6
0;0;0;0;0;0;0;0;0;0;0;2;0;0
0;0;8;1;15;16;12;11;6;0;10;4;2;1
1;1;14;1;6;57;20;20;1;14;8;3;0;5
1;0;1;0;0;0;20;20;2;0;4;4;4;0
1;0;0;0;0;0;0;0;0;0;0;0;0;0
0;0;0;0;0;0;0;0;0;0;0;0;0;0
0;0;0;0;0;0;0;0;0;0;0;0;0;0
0;0;2;0;0;2;0;0;0;0;0;0;0;0
0;0;2;1;0;13;5;5;0;0;6;4;0;0
0;0;0;0;0;0;0;0;0;0;0;0;0;0
0;0;0;0;0;0;0;0;0;0;0;0;0;0
0;0;0;0;0;0;4;4;1;0;0;0;0;0
0;0;0;0;0;0;1;1;0;0;0;0;0;0
0;0;0;0;0;0;0;0;0;0;0;0;0;0
0;0;0;0;0;0;13;13;4;0;0;0;0;0
2;0;7;0;20;268;19;19;7;15;42;0;0;3
1;0;0;0;0;0;13;13;2;0;1;0;0;0
1;0;1;0;0;0;9;9;0;0;2;0;0;0
1;0;1;0;0;0;0;0;0;0;0;0;0;0
3;0;22;1;13;35;37;37;14;10;102;1;0;9
0;0;1;2;0;0;8;8;3;0;2;0;1;0
0;0;0;0;0;0;0;0;0;0;0;0;0;0
1;0;14;2;8;53;9;9;3;29;15;3;0;4
0;0;1;0;0;1;35;35;1;0;0;0;0;0
1;0;13;1;7;17;22;22;2;6;15;11;6;5
0;0;0;0;0;0;3;3;2;0;0;1;0;0
0;0;0;0;0;0;0;0;0;0;0;0;0;0
0;0;0;0;0;0;0;0;0;0;0;0;0;0
0;0;1;4;2;2;27;27;9;0;8;0;0;1
0;0;0;0;0;0;0;0;0;0;0;0;0;0
0;0;24;1;6;26;33;33;10;14;25;4;2;2
0;0;0;0;0;0;1;1;0;0;0;0;0;0
0;0;4;0;4;5;21;21;4;0;3;4;0;4
0;0;0;0;0;0;1;1;0;0;2;1;0;0
0;0;1;0;20;25;0;0;0;6;0;0;0;0
0;0;27;0;73;647;25;25;1;65;66;2;2;5
0;0;0;0;0;0;0;0;0;0;0;0;0;0
0;0;0;0;0;0;5;5;1;0;0;0;0;0
0;0;3;0;0;0;5;5;2;0;1;5;0;0
1;0;1;0;0;1;0;0;0;0;0;0;0;0
5;0;11;2;23;44;36;36;4;15;127;8;0;6
0;0;11;0;5;14;41;41;2;6;0;6;1;3
1;0;16;0;11;2379;8;8;1;47;12;2;0;1
0;0;0;0;0;0;2;2;0;0;0;0;0;0
1;0;0;0;0;0;12;12;1;0;2;0;0;0
0;0;0;0;0;0;0;0;0;0;0;0;0;0
0;0;0;1;0;0;5;5;2;0;2;0;0;0
1;0;2;0;0;176;15;15;0;19;1;3;0;0
1;0;8;0;3;6;28;28;6;0;8;2;0;3
1;0;0;0;0;0;1;1;0;0;11;0;0;0
0;0;0;0;0;0;0;0;0;0;0;0;0;0
2;0;20;0;17;407;16;16;3;57;63;1;0;4
0;0;0;0;0;0;0;0;0;0;0;0;0;0
0;0;5;3;1;3;11;11;2;6;0;5;3;1
0;0;4;0;1;8;37;37;1;20;7;2;1;0
0;0;0;0;0;0;0;0;0;0;0;0;0;0
5;1;13;11;1;19;8;8;1;12;8;11;6;0
0;0;0;0;0;0;0;0;0;0;0;0;0;0
0;0;0;0;0;0;0;0;0;0;0;0;0;0
0;0;3;0;6;9;7;7;3;2;45;1;0;1
0;0;4;1;2;6;10;10;1;0;4;3;3;2
1;0;0;1;0;0;14;13;0;0;4;2;1;0
0;0;0;0;0;0;0;0;0;0;0;0;0;0
0;0;2;0;0;0;14;14;0;0;17;0;0;0
0;0;1;0;0;1;26;26;4;0;0;0;0;0
0;0;3;0;0;2;4;4;2;0;1;0;0;0
0;0;0;1;0;0;10;10;4;0;0;1;0;0
0;0;0;0;0;0;7;7;0;0;0;0;0;0
0;0;5;0;3;7;0;0;0;0;8;0;0;3
0;0;2;0;1;4;20;20;0;3;0;0;0;1
0;0;11;1;10;16;13;13;1;7;8;1;0;2
0;0;6;0;2;14;2;2;0;13;9;1;1;2
1;0;2;0;0;1;2;2;0;0;0;0;0;0
0;0;0;0;0;0;0;0;0;0;0;0;0;0
0;0;0;0;0;0;4;4;0;0;0;0;0;0
1;0;34;0;7;9;3;3;2;0;32;1;2;1
4;0;10;1;16;25;12;12;7;7;0;3;3;8
0;0;0;0;0;0;0;0;0;0;0;0;0;0
0;0;7;1;7;9;7;7;0;0;17;1;0;3
1;0;15;1;13;28;12;12;1;6;16;0;0;2
0;0;0;0;0;0;0;0;0;0;0;0;0;0
0;0;0;0;0;0;0;0;0;0;0;0;0;0
1;0;18;0;14;36;18;18;2;15;24;2;0;1
0;0;0;0;0;0;6;6;4;0;2;0;0;0
2;0;0;0;0;0;8;8;0;0;2;0;0;0
0;0;0;1;0;0;12;12;0;0;15;1;0;0
0;0;0;0;0;0;0;0;0;0;0;0;0;0
0;0;5;0;1;21;8;8;0;2;2;0;1;1
1;0;28;1;18;77;21;21;5;52;53;6;1;12
1;0;9;0;8;29;28;28;5;17;1;0;0;3
0;0;6;0;0;3;7;7;2;0;8;0;0;0
1;2;18;4;1;2;17;17;5;0;30;0;0;0
0;2;8;3;4;17;30;30;2;8;14;4;2;2
1;0;8;4;4;20;54;54;4;14;64;3;2;2
0;0;0;0;0;0;9;9;5;0;0;0;0;0
2;0;9;0;7;17;6;6;1;3;25;6;8;6
0;0;6;0;3;5;6;6;1;2;14;1;0;1
0;0;5;0;4;4;3;3;1;0;1;2;0;1
0;1;1;2;1;1;4;4;1;0;1;2;0;1
0;0;12;2;11;84;17;17;5;70;0;8;7;9
0;0;3;1;0;0;11;11;10;0;7;2;1;0
0;0;0;0;0;0;5;5;0;0;0;1;0;0
0;0;1;0;0;0;11;11;2;0;1;1;0;0
0;0;10;0;4;10;12;12;0;1;10;4;0;2
1;0;1;0;0;0;0;0;0;0;1;0;0;0
1;0;33;1;53;1149;18;18;2;81;62;7;4;7
0;0;0;0;0;0;3;3;0;0;0;0;0;0
0;0;1;0;0;3;0;0;0;0;9;0;0;0
0;0;1;0;0;1;0;0;0;0;2;0;0;0
0;0;4;0;1;211;15;15;0;12;10;1;0;0
0;0;3;0;0;2;9;9;4;0;0;4;0;0
1;0;13;1;4;368;34;35;5;4;44;7;5;0
