clase;edx.forum.response.created;edx.forum.thread.created;load_video;openassessment.upload_file;pause_video;play_video;problem_check;problem_graded;problem_show;seek_video;seq_goto;seq_next;seq_prev;stop_video
T;0;1;16;1;26;52;12;12;3;18;10;23;9;7
T;1;0;19;3;15;302;46;46;10;25;44;7;2;6
F;1;0;2;0;0;2;1;1;1;0;0;0;0;0
F;0;0;0;0;0;0;0;0;0;0;0;0;0;0
F;0;0;1;0;0;4;0;0;0;3;7;0;0;0
T;0;0;15;1;13;46;8;8;4;28;19;6;1;7
F;0;1;11;0;7;16;8;8;1;6;14;5;1;5
T;0;0;21;1;47;97;23;23;1;28;55;1;0;14
T;1;1;34;0;37;71;197;197;4;11;114;5;3;8
T;0;0;1;2;0;1;12;12;6;0;10;1;0;0
T;0;0;3;1;5;15;18;18;0;10;16;3;1;3
F;0;0;0;0;0;0;3;3;0;0;0;0;0;0
F;1;0;19;0;6;20;33;33;1;4;32;1;0;1
T;0;0;2;0;0;0;32;32;1;0;14;1;0;0
T;0;1;7;1;5;13;87;87;7;2;6;5;4;1
F;0;0;2;0;0;2;2;2;1;0;1;4;0;0
F;0;0;0;0;0;0;0;0;0;0;0;0;0;0
F;0;0;0;0;0;0;9;9;5;0;0;0;0;0
F;0;1;1;0;4;7;4;4;1;2;25;0;0;0
T;0;1;18;0;50;96;20;20;2;33;9;0;0;7
T;0;0;18;0;319;340;28;28;7;47;11;1;0;2
T;1;0;0;1;0;0;17;17;1;0;5;2;0;0
T;0;0;24;1;10;16;9;9;0;8;34;3;1;9
F;0;0;0;0;0;0;0;0;0;0;0;0;0;0
T;1;2;63;1;65;103;31;31;7;19;123;1;0;26
T;0;0;8;3;3;13;46;46;10;8;18;1;1;1
F;0;0;0;0;0;0;5;5;2;0;4;0;0;0
F;0;0;0;0;0;0;0;0;0;0;0;0;0;0
T;0;2;38;1;45;169;38;38;0;106;75;7;5;5
T;0;1;2;0;0;2;46;46;3;0;22;2;0;0
F;0;1;1;0;1;1;12;12;5;0;5;3;0;0
F;0;0;1;0;0;0;0;0;0;0;19;0;0;0
F;0;0;0;0;0;0;0;0;0;0;0;0;0;0
F;0;0;4;0;13;23;10;10;2;8;3;0;0;2
F;0;0;0;0;0;0;0;0;0;0;0;0;0;0
T;0;0;0;1;0;0;15;15;2;0;1;1;0;0
T;0;0;8;1;4;37;17;17;2;32;17;0;1;4
F;0;1;1;0;5;12;18;18;1;8;1;2;2;1
T;0;0;11;1;6;8;72;72;2;0;101;11;8;2
F;0;0;1;0;1;1;0;0;0;0;0;0;0;0
T;0;1;26;2;15;48;20;20;1;9;30;1;3;7
T;0;2;7;2;0;12;21;21;0;3;51;1;7;0
T;0;0;61;2;19;60;32;32;4;31;112;3;1;3
T;0;0;24;3;41;449;23;23;0;83;58;0;0;0
T;0;0;11;1;8;14;26;26;1;6;4;3;2;3
F;0;0;1;0;0;0;5;5;0;0;1;0;0;0
T;0;0;2;0;8;1730;27;27;16;5;11;1;0;1
F;0;0;1;0;1;1;0;0;0;0;0;1;0;0
T;0;0;0;0;0;0;7;7;0;0;0;0;0;0
F;0;0;0;0;0;0;3;3;1;0;5;0;0;0
F;4;1;0;0;0;0;8;8;2;0;4;2;2;0
F;0;0;0;0;0;0;0;0;0;0;1;0;0;0
F;0;0;0;0;0;0;0;0;0;0;0;0;0;0
T;0;0;12;0;26;43;10;10;2;16;1;7;4;5
F;0;0;1;0;3;3;0;0;0;0;0;0;0;0
F;0;1;2;0;10;23;9;9;1;11;2;0;0;0
F;0;0;0;0;0;0;0;0;0;0;0;0;0;0
T;0;0;0;1;0;0;9;9;0;0;3;0;0;0
F;0;0;0;0;0;0;0;0;0;0;0;0;0;0
F;0;0;0;0;0;0;2;2;0;0;0;0;0;0
F;0;0;2;0;0;2;19;19;0;1;3;0;0;0
T;1;7;14;1;13;24;60;60;9;1;4;13;7;7
T;1;0;25;6;2;29;26;26;1;11;29;6;0;1
F;0;0;0;0;0;0;0;0;0;0;0;0;0;0
F;0;0;0;0;0;0;12;12;0;0;0;0;0;0
F;0;0;0;0;0;0;0;0;0;0;0;0;0;0
F;0;0;0;0;0;0;0;0;0;0;3;0;0;0
T;0;0;5;1;6;42;14;13;1;35;0;1;0;2
F;0;0;0;0;0;0;2;2;2;0;14;1;1;0
F;0;1;5;0;0;0;2;2;1;0;11;5;1;0
F;0;0;10;0;5;7;5;5;0;0;1;3;0;3
T;0;0;16;0;45;300;67;67;2;40;17;0;0;1
F;0;0;1;0;0;0;0;0;0;0;0;0;0;0
T;0;2;23;2;20;55;90;90;6;30;186;6;2;2
F;0;0;7;0;2;113;3;3;1;10;0;5;1;0
T;0;1;6;0;5;14;17;17;7;5;34;2;1;2
F;0;0;1;0;0;1;3;3;1;0;9;0;0;0
F;0;0;0;0;0;0;0;0;0;0;0;0;0;0
F;0;0;1;0;0;1;1;1;1;0;0;0;0;0
F;0;0;1;1;0;1;10;10;0;0;7;0;1;0
T;0;1;6;0;1;4;37;37;7;0;16;0;0;1
F;0;0;0;0;0;0;5;5;5;0;0;1;1;0
F;0;0;0;0;0;0;63;63;0;0;7;0;0;0
T;0;0;16;0;5;24;74;74;12;17;7;6;2;1
T;0;0;19;1;18;5161;128;128;3;23;23;7;2;5
T;0;0;8;0;33;44;37;37;0;9;21;5;0;5
F;0;0;0;0;0;0;0;0;0;0;0;0;0;0
F;0;0;0;0;0;0;0;0;0;0;0;0;0;0
T;0;0;2;0;0;0;9;9;0;0;1;0;0;0
F;0;0;1;0;0;1;0;0;0;0;0;0;0;0
F;0;0;1;0;0;1;5;5;3;0;3;0;0;0
F;0;0;0;0;0;0;0;0;0;0;0;0;0;0
T;0;0;5;1;0;21;12;12;0;20;12;0;1;0
T;0;0;0;1;0;0;6;6;1;0;13;0;0;0
F;0;0;0;0;0;0;11;11;1;0;4;0;0;0
T;0;0;22;1;49;110;9;9;3;27;31;3;0;4
F;0;0;0;0;0;0;0;0;0;0;0;0;0;0
F;0;0;0;0;0;0;0;0;0;0;0;0;0;0
F;1;0;2;0;1;3;0;0;0;1;4;0;0;1
T;0;1;15;1;16;27;10;10;1;12;16;2;1;7
F;0;0;4;0;1;12;0;0;0;2;1;2;1;1
T;0;0;16;1;2;29;18;18;2;15;20;2;1;2
T;0;0;1;1;0;0;31;31;0;0;2;2;0;0
T;0;0;4;3;2;14;33;33;6;9;22;2;0;1
T;0;0;32;1;44;141;17;17;3;80;0;5;2;10
T;0;0;27;0;13;21;52;52;0;5;47;5;2;6
F;0;0;0;0;0;0;0;0;0;0;0;0;0;0
T;0;0;0;1;0;0;9;9;0;0;3;0;0;0
T;0;0;20;0;25;111599;43;43;6;26;10;1;0;9
F;0;0;0;0;0;0;0;0;0;0;0;0;0;0
F;0;0;0;0;0;0;0;0;0;0;0;0;0;0
T;0;0;0;1;0;0;14;14;1;0;1;1;0;0
F;0;0;0;0;0;0;0;0;0;0;0;0;0;0
T;1;0;18;0;9;14;10;10;2;3;0;9;7;9
F;0;0;0;0;0;0;0;0;0;0;0;0;0;0
T;0;1;1;1;0;0;6;6;0;0;0;1;0;0
F;0;0;1;0;1;1;2;2;1;0;0;0;0;1
T;0;1;1;1;1;1;11;11;8;0;1;0;0;0
F;0;0;2;0;2;2;6;6;2;0;4;1;0;2
F;0;1;5;0;9;58;7;7;1;47;0;4;1;2
F;0;0;0;0;0;0;0;0;0;0;0;0;0;0
F;0;0;0;0;0;0;0;0;0;0;0;0;0;0
T;0;0;4;0;0;5;8;8;2;2;3;0;0;0
F;0;0;7;0;2;5;34;32;1;4;0;3;0;1
F;0;0;4;0;1;3;4;4;0;0;13;2;0;0
F;2;0;6;0;3;9;1;1;0;0;18;0;0;2
T;0;0;9;2;26;85;35;35;6;16;1;1;0;2
T;0;0;2;1;0;0;21;21;2;0;5;2;0;0
F;1;0;0;0;0;0;1;1;1;0;0;0;0;0
T;0;0;0;0;0;0;13;13;0;0;0;0;0;0
T;1;1;4;0;5;20;8;8;0;16;5;1;0;2
F;0;0;16;0;20;46;34;34;2;21;30;3;1;2
T;0;1;5;1;9;13;49;49;0;0;9;7;1;1
T;0;0;0;0;0;0;14;14;3;0;0;0;0;0
F;0;0;0;0;0;0;0;0;0;0;0;0;0;0
T;0;0;25;0;21;182;8;8;3;90;5;1;1;10
T;0;0;4;1;7;15;14;14;0;10;2;0;0;3
F;0;0;0;0;0;0;0;0;0;0;0;0;0;0
T;0;0;7;1;12;57;11;11;0;45;4;2;0;2
F;0;0;0;0;0;0;0;0;0;0;0;0;0;0
F;0;0;0;0;0;0;0;0;0;0;0;0;0;0
T;0;0;9;0;2;26;52;52;8;23;21;1;0;1
F;0;0;0;0;0;0;0;0;0;0;0;0;0;0
F;0;0;5;0;1;1;15;15;0;0;11;2;1;1
T;0;0;2;2;1;1;19;19;2;0;6;3;2;0
F;0;0;0;0;0;0;9;9;0;0;1;0;0;0
T;0;0;32;7;1;467;101;101;3;5;31;14;6;1
T;0;0;0;0;0;0;11;11;6;0;15;1;0;0
F;0;0;0;0;0;0;7;7;0;0;0;0;0;0
F;0;0;0;0;0;0;0;0;0;0;0;0;0;0
F;0;0;0;0;0;0;0;0;0;0;0;0;0;0
T;0;1;0;0;0;0;7;7;6;0;0;0;0;0
F;0;0;5;0;3;9;5;5;1;0;8;0;0;0
T;0;0;1;1;0;0;21;21;6;0;2;2;0;0
T;0;2;7;0;19;32;12;12;9;14;2;2;1;0
F;0;1;0;0;0;0;0;0;0;0;0;0;0;0
F;0;0;1;0;6;11;0;0;0;4;0;0;0;0
T;0;0;12;1;19;31;14;14;0;12;2;3;2;4
F;0;0;4;0;0;2;5;5;0;0;10;0;0;0
T;0;1;15;0;15;62;34;34;5;15;4;1;0;2
F;0;0;0;0;0;0;0;0;0;0;2;0;0;0
F;0;1;0;0;0;0;4;4;1;0;0;0;0;0
F;0;0;0;0;0;0;0;0;0;0;0;0;0;0
T;4;2;22;1;14;162;9;9;1;48;9;13;4;6
T;0;0;1;0;0;0;13;13;6;0;0;2;0;0
F;0;0;4;0;1;4;29;29;1;1;8;0;0;1
T;1;0;14;3;23;626;10;10;4;14;2;7;3;10
T;1;0;14;0;275;331;16;16;2;80;11;2;0;6
F;0;0;2;0;1;2;3;3;0;0;1;0;0;0
F;0;0;2;0;0;0;16;16;0;0;2;0;0;0
F;0;0;11;2;10;50;26;26;2;32;12;11;4;9
T;0;0;1;0;0;0;24;24;0;0;6;1;0;0
F;0;0;0;0;0;0;9;9;0;0;3;0;0;0
F;0;0;0;0;0;0;0;0;0;0;0;0;0;0
T;0;0;4;1;1;5;10;10;1;0;0;2;1;0
T;0;2;4;0;1;5;24;24;5;3;3;6;0;0
T;0;0;0;2;0;0;44;44;0;0;1;3;3;0
F;0;0;12;0;8;11;0;0;0;2;7;1;1;0
T;0;0;21;1;4;18;14;14;2;12;39;6;3;1
F;0;1;0;0;0;0;11;11;4;0;0;0;0;0
T;0;2;3;1;6;351;31;30;3;16;8;0;0;1
T;0;1;13;5;6;326;33;33;0;28;30;0;0;2
T;0;0;6;1;2;15;99;99;8;9;15;14;7;2
F;0;0;1;0;3;8;9;9;0;0;28;3;1;1
F;0;0;3;0;1;1;9;9;6;0;5;0;0;1
F;0;0;0;0;0;0;0;0;0;0;0;0;0;0
F;0;0;0;0;0;0;0;0;0;0;1;0;0;0
F;2;0;7;0;4;9;5;5;2;4;31;5;5;2
T;0;1;12;0;6;16;57;57;1;5;46;2;0;3
T;0;0;0;3;0;0;14;14;0;0;14;6;2;0
F;0;0;4;0;4;60;19;19;4;4;5;3;1;1
F;2;0;1;0;1;2;2;2;0;1;0;1;0;1
F;0;0;0;0;0;0;0;0;0;0;0;0;0;0
T;0;0;6;1;2;5;30;30;2;0;13;0;0;1
F;0;0;2;0;2;4;5;5;5;1;0;0;0;0
T;0;0;52;1;207;2706;35;35;14;304;119;0;0;10
F;0;0;0;0;0;0;0;0;0;0;0;0;0;0
T;0;0;20;1;18;41;63;63;2;13;7;16;6;9
F;0;0;0;0;0;0;0;0;0;0;0;0;0;0
F;0;0;0;0;0;0;0;0;0;0;0;0;0;0
F;0;0;0;0;0;0;2;2;2;0;1;0;0;0
T;0;1;5;1;11;18;6;6;0;5;11;2;0;1
F;0;0;4;0;1;3;4;4;1;0;3;2;0;1
T;0;0;0;1;0;0;10;10;2;0;8;2;1;0
T;0;0;7;1;119;960;37;37;1;16;10;0;0;0
F;1;0;1;0;1;4;1;1;1;2;1;0;0;0
F;0;1;1;0;0;0;0;0;0;0;0;0;0;0
T;0;0;1;0;1;2;21;21;1;1;14;3;3;1
F;0;0;0;0;0;0;0;0;0;0;5;0;0;0
F;0;0;0;0;0;0;0;0;0;0;0;0;0;0
T;1;0;0;0;0;0;6;6;2;0;0;0;0;0
T;0;0;13;1;4;27;21;21;2;8;3;6;0;3
T;5;0;35;1;23;608;22;22;6;21;126;3;7;18
F;0;0;1;0;0;0;4;4;0;0;18;0;0;0
T;0;1;10;0;5;13;7;7;4;1;10;7;2;2
F;0;0;0;0;0;0;3;3;1;0;0;0;0;0
F;0;0;2;0;0;0;5;5;1;0;3;1;0;0
F;0;0;0;0;0;0;0;0;0;0;0;0;0;0
F;0;0;0;0;0;0;0;0;0;0;0;0;0;0
T;0;2;46;2;47;207;32;32;5;127;85;11;4;5
T;0;0;21;1;6;18;23;23;3;5;51;0;0;5
F;0;0;0;0;0;0;0;0;0;0;0;0;0;0
F;0;0;0;0;0;0;0;0;0;0;0;0;0;0
T;0;0;1;2;0;1;23;23;5;0;1;0;0;0
F;0;0;2;0;1;3;2;2;0;0;1;2;0;1
F;1;2;0;0;0;0;3;3;1;0;1;3;0;0
F;0;0;6;0;1;7;2;2;2;2;1;3;1;1
F;0;0;2;0;0;0;0;0;0;0;9;0;0;0
F;0;0;27;0;57;229;30;30;5;103;70;1;2;3
F;0;0;0;0;0;0;6;6;0;0;1;0;0;0
F;0;0;0;0;0;0;0;0;0;0;0;0;0;0
F;0;0;0;0;0;0;0;0;0;0;0;0;0;0
T;0;0;10;0;8;20;35;35;0;11;16;0;1;3
T;0;0;2;2;0;0;8;8;0;0;7;1;1;0
T;0;1;5;0;15;1354;9;9;6;5;11;0;1;0
T;0;0;1;0;0;0;6;6;0;0;3;0;0;0
T;0;0;17;0;19;52;34;34;2;31;4;0;0;8
T;0;0;1;1;0;0;25;25;5;0;4;0;0;0
T;0;1;7;1;5;7;12;12;1;1;27;1;2;5
F;0;0;0;0;0;0;0;0;0;0;0;0;0;0
T;0;0;8;1;5;14;9;9;3;3;6;3;1;1
F;0;0;1;0;0;0;5;5;2;0;6;0;0;0
F;0;0;0;0;0;0;0;0;0;0;0;0;0;0
T;0;0;2;1;1;7;40;40;2;4;7;0;0;0
F;0;0;1;0;2;2;6;6;4;0;0;0;0;0
T;0;0;4;3;6;8;11;11;0;0;11;1;2;1
F;0;0;0;0;0;0;0;0;0;0;16;8;5;0
T;0;0;21;1;9;94;57;57;3;21;13;11;5;2
F;0;0;0;0;0;0;0;0;0;0;0;0;0;0
T;0;1;7;1;10;22;27;26;6;7;14;0;0;0
F;0;0;0;0;0;0;0;0;0;0;0;0;0;0
F;0;0;2;0;0;0;0;0;0;0;0;0;0;0
T;4;2;17;1;22;5666;61;61;8;24;58;3;3;12
T;0;0;2;1;5;17;48;48;1;16;7;8;2;1
T;0;0;1;1;0;0;27;27;7;0;23;1;1;0
T;0;0;9;2;17;79;85;85;3;17;19;2;1;8
F;0;0;0;0;0;0;0;0;0;0;0;0;0;0
T;0;0;0;1;0;0;21;21;0;0;1;0;0;0
T;1;0;0;1;0;0;16;16;6;0;0;2;1;0
T;0;0;0;0;0;0;9;9;5;0;0;0;0;0
T;0;0;43;0;50;927;115;115;9;104;49;2;0;9
F;0;0;0;0;0;0;0;0;0;0;0;0;0;0
T;0;0;9;0;7;60;20;20;0;18;6;1;1;5
T;0;0;4;0;1;9;12;12;2;6;2;0;0;1
F;1;0;2;0;0;0;1;1;1;0;4;0;0;0
T;1;0;0;2;0;0;7;7;0;0;4;2;1;0
F;0;0;3;0;0;0;0;0;0;0;8;0;3;0
T;0;1;12;1;4;78;20;20;0;71;47;7;1;0
F;0;0;0;0;0;0;20;20;1;0;0;0;0;0
F;0;0;0;0;0;0;0;0;0;0;0;0;0;0
F;0;0;1;0;0;0;0;0;0;0;0;10;1;0
F;0;0;11;0;0;0;0;0;0;0;8;0;0;0
F;0;1;0;0;0;0;0;0;0;0;2;0;0;0
T;0;0;2;1;1;2;6;6;4;0;5;5;4;0
F;0;0;0;0;0;0;0;0;0;0;0;0;0;0
F;0;0;0;0;0;0;3;3;2;0;0;3;1;0
F;0;0;1;0;0;0;16;16;2;0;57;4;1;0
T;0;0;2;1;0;0;10;9;1;0;3;1;1;0
T;0;0;14;1;4;8;40;40;8;3;33;5;3;3
F;0;0;1;0;0;1;24;24;4;0;5;0;0;0
T;0;0;2;1;2;2;16;16;1;0;6;0;0;0
T;0;1;0;1;0;0;58;58;12;0;10;1;0;0
F;0;0;0;0;0;0;0;0;0;0;0;0;0;0
T;0;0;0;1;0;0;13;13;1;0;10;1;0;0
T;0;1;4;0;1;3;9;9;6;0;8;0;1;1
F;0;0;0;0;0;0;0;0;0;0;0;0;0;0
F;0;0;0;0;0;0;0;0;0;0;7;0;0;0
F;0;0;0;0;0;0;1;1;0;0;0;0;0;0
T;0;1;6;0;7;9;14;14;7;0;11;1;0;2
F;1;1;9;0;15;39;12;12;2;20;3;1;0;4
T;2;0;41;0;50;89;19;19;0;54;72;1;1;7
F;0;0;0;0;0;0;0;0;0;0;0;0;0;0
F;0;0;4;0;3;9;2;2;0;6;4;0;0;1
F;0;0;0;0;0;0;3;3;1;0;0;0;0;0
F;0;0;5;0;2;7;4;4;0;0;1;0;0;2
F;0;0;0;0;0;0;0;0;0;0;0;0;0;0
T;1;0;14;0;2;7;18;18;1;1;8;3;2;2
T;1;0;9;2;0;0;22;22;0;0;176;0;1;0
T;2;0;3;1;0;0;34;34;9;0;123;5;0;0
T;0;0;13;1;8;157;44;44;1;25;40;2;0;2
F;0;0;0;0;0;0;0;0;0;0;0;0;0;0
F;1;0;1;0;0;0;0;0;0;0;0;0;0;0
T;1;0;17;0;24;78;22;22;2;50;53;5;2;10
F;0;0;2;0;2;14;2;2;0;7;0;0;0;2
T;0;0;5;0;0;3;16;16;11;0;3;5;0;0
T;0;0;6;1;0;5;19;19;0;0;26;0;0;0
F;0;0;0;0;0;0;0;0;0;0;0;0;0;0
T;1;1;1;7;2;2;19;19;2;0;27;2;0;0
T;0;0;0;3;0;0;9;9;3;0;4;5;1;0
F;0;0;1;0;1;1;0;0;0;0;0;0;0;0
T;1;1;15;1;14;49;240;240;6;30;21;6;3;11
F;0;0;0;0;0;0;0;0;0;0;0;0;0;0
F;1;1;2;0;1;2;0;0;0;0;0;1;0;0
T;1;1;1;0;0;0;25;25;3;0;7;1;0;0
F;0;0;0;0;0;0;3;3;0;0;0;0;0;0
F;0;0;0;0;0;0;0;0;0;0;0;0;0;0
T;4;0;9;0;17;605;47;47;0;25;1;4;1;4
T;0;0;8;1;0;0;13;12;1;0;6;0;0;0
T;0;0;11;0;24;80;24;24;1;61;1;2;0;3
F;0;0;0;0;0;0;0;0;0;0;0;0;0;0
F;0;0;10;0;9;12;10;10;6;1;18;1;0;7
F;0;0;0;0;0;0;0;0;0;0;0;0;0;0
F;0;0;0;0;0;0;24;24;3;0;1;0;0;0
F;0;0;1;0;0;5;18;18;1;4;37;5;1;0
T;0;0;25;1;6;28;15;15;0;10;28;3;1;2
F;0;0;0;0;0;0;0;0;0;0;1;0;0;0
T;0;0;9;2;35;51;19;19;1;21;4;3;0;2
F;0;0;0;0;0;0;0;0;0;0;2;0;0;0
F;0;0;2;0;14;18;24;24;1;7;2;0;0;2
F;0;0;0;0;0;0;12;12;2;0;1;0;0;0
T;0;0;20;1;17;39;47;47;4;23;2;5;3;8
T;0;0;3;1;2;3;42;42;2;0;0;1;0;1
F;0;0;4;0;3;9;2;2;0;0;1;0;0;1
T;0;0;67;1;50;413;8;8;0;67;107;2;0;11
F;0;0;0;0;0;0;5;5;1;0;4;0;0;0
F;0;0;0;0;0;0;16;16;4;0;3;0;0;0
F;0;0;0;0;0;0;0;0;0;0;0;0;0;0
F;0;0;0;0;0;0;0;0;0;0;0;0;0;0
T;0;0;14;1;15;28;30;30;1;11;22;1;1;1
T;0;1;20;1;22;55;25;25;1;15;36;5;1;8
F;0;0;1;0;0;0;0;0;0;0;0;0;0;0
F;0;0;0;0;0;0;0;0;0;0;2;0;0;0
T;0;0;0;2;0;0;10;10;1;0;0;3;2;0
T;0;0;1;3;0;2;12;12;3;1;0;5;3;0
F;0;0;2;0;0;1;5;5;2;0;9;1;0;0
F;1;0;1;0;13;13;0;0;0;3;0;0;0;0
T;7;0;16;0;24;71;22;22;5;26;4;1;1;10
T;3;6;20;2;115;140;19;19;1;35;37;1;0;4
F;0;0;0;0;0;0;0;0;0;0;0;0;0;0
T;0;0;10;1;3;11;24;24;2;4;3;1;0;1
F;0;0;0;0;0;0;3;2;0;0;1;3;0;0
T;0;1;19;0;41;64;31;31;9;22;60;3;2;6
T;0;0;4;0;2;10;26;26;3;5;0;2;0;1
F;0;0;10;0;22;233;6;6;1;8;1;2;0;1
T;0;0;7;0;5;9;69;68;1;3;0;0;0;3
F;0;0;12;0;7;18;18;18;5;10;16;4;3;4
F;0;0;2;0;0;0;0;0;0;0;0;0;0;0
T;0;0;0;1;0;0;16;16;8;0;6;0;1;0
F;0;0;1;0;0;0;15;15;1;0;0;0;0;0
F;0;0;0;0;0;0;24;24;2;0;0;0;0;0
F;0;0;0;0;0;0;0;0;0;0;0;0;0;0
F;0;0;1;0;3;5;1;1;2;1;2;0;0;0
T;0;0;4;0;2;6;24;24;4;1;4;0;0;1
F;0;0;2;0;3;3;0;0;0;0;0;1;0;1
F;0;0;0;0;0;0;0;0;0;0;0;0;0;0
T;0;0;2;1;0;0;13;13;2;0;0;2;0;0
T;0;0;1;0;0;1;7;7;4;0;2;1;1;0
F;0;0;10;0;10;59;12;12;0;11;4;0;0;0
T;0;1;13;1;20;35;27;27;4;10;41;1;0;1
F;0;0;0;0;0;0;0;0;0;0;0;0;0;0
T;0;2;18;1;9;18;18;18;0;1;15;3;0;6
T;0;0;10;2;7;31;19;19;2;18;19;3;1;2
T;0;0;19;1;12;168;62;62;1;36;19;5;3;2
F;0;0;3;0;1;1;2;2;0;0;5;0;0;1
F;0;0;0;0;0;0;0;0;0;0;0;0;0;0
F;0;0;1;0;0;4;6;6;7;3;17;1;0;0
T;5;0;8;1;6;25;6;6;0;14;0;3;2;0
F;0;0;0;0;0;0;0;0;0;0;0;0;0;0
T;0;0;2;1;0;1;61;61;4;0;5;8;5;0
F;0;0;5;0;0;0;0;0;0;0;9;8;5;0
F;0;0;0;0;0;0;0;0;0;0;0;0;0;0
F;0;0;0;0;0;0;1;1;0;0;0;0;0;0
T;0;1;19;1;5;413;40;39;7;50;15;4;0;3
T;0;1;6;1;7;7;6;6;3;0;8;2;0;6
T;0;0;9;1;3;60;15;15;0;19;15;1;0;2
F;0;0;0;0;0;0;1;1;1;0;0;0;0;0
F;1;0;1;0;0;19;1;1;1;18;1;0;0;0
T;0;0;0;0;0;0;8;8;1;0;5;1;1;0
F;0;0;2;0;1;1;2;2;0;0;1;2;0;1
T;0;0;1;0;0;1;14;14;2;0;1;2;1;0
T;0;1;1;1;0;1;8;9;2;0;13;0;0;0
T;0;0;2;1;0;1;24;24;2;0;4;1;0;0
T;0;0;10;1;2;3;7;7;2;0;24;5;5;0
F;0;0;0;0;0;0;0;0;0;0;0;0;0;0
T;0;0;2;4;2;2;11;11;1;0;19;5;4;1
F;0;0;0;0;0;0;0;0;0;0;0;0;0;0
F;0;0;16;0;6;24;0;0;0;10;26;3;4;3
F;0;0;0;0;0;0;6;6;0;0;0;0;0;0
T;0;0;7;0;3;6;67;67;3;0;4;4;0;2
T;0;1;8;2;9;12;32;32;0;1;7;1;0;1
F;0;1;0;0;0;0;3;3;0;0;0;0;0;0
F;0;0;7;0;4;4;0;0;0;0;9;5;3;0
T;0;0;27;0;24;85;10;10;1;50;14;1;0;8
T;0;0;5;1;6;22;18;17;1;16;30;2;2;0
F;0;0;2;0;0;0;43;43;0;0;5;2;0;0
F;0;0;0;0;0;0;2;2;0;0;0;0;0;0
T;1;0;15;1;8;63;8;8;0;19;23;1;0;4
T;0;0;1;1;1;1;14;14;2;0;0;1;0;0
F;0;0;2;0;1;4;4;4;0;0;4;1;0;1
T;0;0;1;3;4;4;36;36;2;0;90;5;5;1
T;0;0;7;0;1;2;52;52;3;0;14;0;0;0
F;0;0;0;0;0;0;0;0;0;0;0;0;0;0
T;0;1;6;2;4;9;50;49;0;5;12;3;1;1
F;0;0;0;0;0;0;0;0;0;0;0;0;0;0
F;0;0;0;0;0;0;26;26;4;0;28;5;2;0
F;0;1;5;0;4;12;16;16;0;8;0;1;0;0
F;0;0;0;0;0;0;0;0;0;0;0;0;0;0
F;0;0;9;0;4;19;1;1;0;6;0;5;1;3
T;0;1;18;1;7;12;22;22;5;1;36;6;2;3
T;0;0;4;1;1;8;13;13;0;1;1;0;0;1
F;0;0;0;0;0;0;16;16;0;0;2;0;0;0
F;0;0;1;0;1;1;3;3;1;0;14;3;1;0
T;2;4;76;0;73;123;75;75;8;39;165;4;4;6
T;0;0;11;2;3;7;30;30;0;0;2;4;1;2
T;0;1;26;2;6;22;45;45;7;12;56;4;0;0
T;0;0;26;1;41;802;16;16;1;38;36;0;1;1
F;1;1;1;0;0;0;0;0;0;0;1;0;0;0
T;0;0;5;1;0;15;35;35;4;11;35;4;0;0
T;0;0;9;1;2;15;26;26;1;3;37;0;0;1
T;1;0;0;0;0;0;8;8;4;0;0;2;1;0
F;0;0;0;0;0;0;7;7;2;0;1;0;0;0
T;0;0;9;1;3;16;30;30;3;3;13;3;1;3
T;0;0;4;0;4;5;24;24;0;0;0;1;0;2
T;0;0;8;0;0;12;66;66;7;10;5;2;0;0
T;0;0;14;0;9;99;39;39;7;86;6;1;5;2
F;0;0;5;0;13;528;6;6;1;29;7;0;0;0
F;0;0;0;0;0;0;0;0;0;0;15;0;0;0
T;1;0;5;0;0;2;52;48;2;0;12;20;4;0
F;0;0;0;0;0;0;0;0;0;0;0;0;0;0
T;0;1;2;1;2;4;13;13;1;1;0;3;0;1
F;0;0;7;0;7;28;13;13;1;21;1;9;7;1
F;0;0;0;0;0;0;58;25;8;0;12;4;0;0
F;0;0;0;0;0;0;0;0;0;0;0;0;0;0
T;0;0;8;1;11;50;44;45;2;8;13;6;1;1
T;0;0;13;7;5;73;67;67;8;32;4;20;10;3
F;0;1;0;0;0;0;4;4;3;0;6;0;0;0
F;0;0;2;0;2;6;0;0;0;2;0;1;0;0
F;0;0;4;0;16;22;3;3;0;6;0;1;1;1
T;0;0;2;1;0;0;24;20;0;0;2;3;0;0
T;0;0;15;1;14;197;45;45;1;26;48;5;1;8
T;0;0;10;0;2;116;8;8;0;100;12;0;0;1
F;0;0;0;0;0;0;1;1;1;0;0;0;0;0
F;0;0;5;0;1;3;26;26;1;2;51;4;1;0
T;0;0;1;1;0;0;52;52;3;0;2;2;1;0
T;0;1;8;0;10;15;19;19;7;2;28;7;0;3
F;0;0;2;1;2;2;28;28;2;0;1;5;4;1
F;0;0;0;0;0;0;0;0;0;0;0;0;0;0
T;1;1;12;1;0;105;36;36;3;0;44;0;0;0
F;0;0;0;0;0;0;1;1;0;0;0;0;0;0
T;0;0;9;1;11;40;15;15;0;0;12;2;2;5
F;0;0;1;0;1;1;5;5;0;0;0;0;0;1
T;0;0;0;0;0;0;38;38;5;0;0;1;0;0
F;0;0;0;0;0;0;0;0;0;0;0;0;0;0
T;0;0;2;1;0;1;10;10;4;0;37;0;0;0
F;0;0;4;0;1;2;2;2;0;0;7;0;0;1
F;0;0;0;0;0;0;0;0;0;0;0;0;0;0
F;0;0;0;0;0;0;0;0;0;0;0;0;0;0
F;0;0;0;0;0;0;0;0;0;0;0;0;0;0
F;0;0;4;0;6;15;5;5;1;9;6;0;0;0
F;0;0;0;0;0;0;29;29;1;0;8;0;0;0
T;0;2;44;1;30;77;43;43;3;42;99;4;4;9
F;0;0;2;0;0;2;0;0;0;0;11;0;0;0
T;1;2;11;1;6;25;8;8;5;13;20;3;3;3
T;0;0;21;1;25;76;27;27;3;40;13;3;2;11
T;2;0;8;2;73;140;10;10;2;93;7;5;1;2
T;1;1;12;1;73;95;29;29;0;45;1;6;1;2
F;0;0;0;0;0;0;0;0;0;0;0;0;0;0
F;0;1;4;0;2;3;2;2;0;0;2;1;0;1
T;0;0;19;0;22;54;8;8;0;37;17;0;0;4
T;2;2;2;4;0;2;29;29;6;0;50;6;2;0
F;0;0;4;0;0;16;30;31;3;14;52;0;0;0
F;0;0;0;0;0;0;0;0;0;0;0;0;0;0
T;1;1;46;1;28;319;61;61;2;60;14;3;4;15
F;0;0;0;0;0;0;0;0;0;0;0;0;0;0
F;0;0;6;0;6;11;7;7;1;2;11;0;0;1
F;0;0;0;0;0;0;0;0;0;0;0;0;0;0
F;0;0;0;0;0;0;0;0;0;0;0;0;0;0
F;0;0;0;0;0;0;3;3;3;0;4;0;0;0
T;0;9;2;2;0;1;22;21;3;0;71;1;0;0
F;0;0;1;0;1;1;2;2;0;0;8;0;0;1
T;1;1;3;1;1;2;7;7;0;0;10;1;1;1
F;0;0;0;0;0;0;0;0;0;0;0;0;0;0
T;0;0;0;0;0;0;8;8;0;0;0;0;0;0
T;0;0;7;3;2;9;25;24;2;3;24;7;3;1
T;0;0;0;0;0;0;30;30;2;0;1;0;0;0
F;0;0;0;0;0;0;2;2;0;0;0;0;0;0
T;2;0;7;0;11;33;31;31;0;0;2;0;0;4
F;0;0;4;0;0;0;29;29;1;0;9;6;0;0
T;0;0;0;1;0;0;17;17;8;0;2;0;0;0
F;0;0;0;0;0;0;0;0;0;0;0;0;0;0
F;0;1;1;0;0;1;3;3;1;0;1;0;0;0
T;0;0;5;1;0;2;9;9;1;0;6;2;1;0
F;0;0;0;0;0;0;0;0;0;0;0;0;0;0
T;1;1;2;1;41;55;15;15;0;21;0;1;0;0
T;2;0;26;0;12;377;10;10;4;35;73;4;3;8
F;0;0;0;0;0;0;0;0;0;0;0;0;0;0
T;0;0;6;1;1;23;58;58;2;18;13;2;0;1
F;0;1;2;0;2;2;4;4;1;0;9;0;0;1
T;0;0;8;1;1;3;8;8;0;0;4;3;0;0
T;0;0;14;1;12;46;22;22;2;13;38;0;0;7
T;0;0;1;0;1;1;10;10;5;0;6;0;0;1
F;0;0;1;0;0;8;1;1;0;7;0;0;0;0
T;0;0;5;1;2;4;12;12;0;0;3;5;0;2
T;0;1;2;0;0;0;20;20;1;0;0;0;0;0
F;0;0;0;0;0;0;0;0;0;0;0;0;0;0
T;1;0;19;2;50;281;80;80;0;129;67;0;0;5
T;0;0;5;1;7;13;14;14;3;7;10;2;1;2
F;0;0;0;0;0;0;0;0;0;0;0;0;0;0
F;0;0;3;0;1;1;0;0;0;0;10;0;0;0
T;0;1;3;0;2;3;9;9;6;0;0;3;0;2
F;0;0;0;0;0;0;0;0;0;0;0;0;0;0
F;1;0;2;0;0;0;6;6;0;0;3;1;0;0
T;0;1;3;0;0;2;19;19;3;1;9;0;0;0
F;0;0;0;0;0;0;0;0;0;0;0;0;0;0
T;0;0;9;1;43;67;56;53;1;17;23;4;1;2
F;0;0;6;0;1;7;8;8;1;3;1;1;0;1
F;0;0;13;0;18;286;12;12;0;25;17;6;1;3
F;0;0;1;0;0;1;0;0;0;0;1;0;0;0
T;2;0;10;0;6;11;15;15;3;3;8;2;2;2
T;0;1;0;1;0;0;29;29;0;0;11;1;0;0
F;0;0;0;0;0;0;0;0;0;0;0;0;0;0
F;0;0;6;4;0;1;41;41;3;0;29;1;3;0
F;0;0;0;0;0;0;5;5;1;0;0;0;0;0
F;0;0;0;0;0;0;0;0;0;0;0;0;0;0
T;1;0;23;1;33;136;33;33;3;49;60;2;0;15
F;0;0;0;0;0;0;0;0;0;0;0;0;0;0
T;0;0;3;2;2;24;22;22;2;0;15;6;3;0
T;0;0;2;1;3;3;10;10;4;0;7;2;3;0
T;0;0;31;1;140;465;52;52;11;30;31;1;0;4
T;0;0;1;1;0;0;28;28;7;0;4;1;0;0
F;0;0;0;0;0;0;0;0;0;0;0;0;0;0
F;0;0;0;0;0;0;20;20;0;0;0;0;0;0
F;0;0;2;0;1;4;2;2;3;1;4;2;0;1
T;0;0;20;0;8;51;48;48;7;32;0;8;2;3
F;1;0;7;0;12;39;14;14;3;21;3;0;0;1
F;0;0;0;0;0;0;0;0;0;0;0;0;0;0
T;0;0;18;1;26;49;11;11;2;10;24;14;1;5
T;0;0;2;1;0;0;24;24;0;0;4;1;0;0
F;0;0;0;0;0;0;0;0;0;0;0;0;0;0
F;0;2;3;0;1;3;3;3;0;0;13;1;0;1
T;0;1;3;0;1;2;11;11;9;0;0;4;0;0
F;0;0;0;0;0;0;0;0;0;0;11;0;0;0
T;1;0;32;1;21;125;14;14;9;15;43;4;0;17
F;0;0;0;0;0;0;0;0;0;0;0;0;0;0
F;0;0;0;0;0;0;3;3;0;0;0;0;0;0
T;0;1;4;1;2;4;7;7;6;2;12;3;1;1
F;0;0;4;0;0;0;78;78;1;0;0;0;0;0
T;0;0;0;1;0;0;10;10;5;0;2;1;0;0
T;0;0;18;1;47;88;33;33;12;47;12;2;0;5
T;0;0;0;1;0;0;36;36;3;0;5;12;9;0
T;2;0;27;3;21;111;17;17;7;61;75;4;1;9
F;0;0;0;0;0;0;0;0;0;0;0;0;0;0
T;0;0;5;1;1;44;57;57;9;7;4;3;0;0
F;0;0;0;0;0;0;0;0;0;0;0;0;0;0
F;0;0;0;0;0;0;0;0;0;0;0;0;0;0
F;0;0;1;0;1;1;11;11;1;0;1;0;1;0
F;1;0;1;0;0;0;0;0;0;0;0;0;0;0
T;1;1;21;0;4;290;96;96;0;9;23;0;3;0
T;0;1;23;1;5;13;13;13;4;7;50;4;3;1
F;0;0;17;0;4;11;2;2;1;3;49;1;0;1
F;0;0;7;0;5;15;7;7;1;9;10;2;0;1
F;0;0;0;0;0;0;0;0;0;0;0;0;0;0
T;0;1;13;5;20;38;57;57;4;12;28;7;2;4
F;0;1;3;0;2;2;2;2;2;0;1;0;0;1
F;0;0;9;0;2;10;25;25;2;0;11;2;0;0
T;0;2;9;1;0;12;9;9;1;0;26;3;0;0
T;1;0;5;0;0;5;16;16;8;3;10;1;0;0
T;0;1;17;0;24;44;22;22;4;22;37;0;0;8
F;0;0;2;0;0;3;0;0;0;2;8;0;0;0
F;0;0;6;0;1;11;0;0;0;8;54;0;0;0
T;1;0;13;2;6;27;19;19;1;15;33;1;5;6
F;0;0;0;0;0;0;0;0;0;0;0;0;0;0
F;0;0;14;0;12;78;18;18;5;63;25;8;1;6
T;1;0;15;0;21;473;41;41;0;17;25;1;0;4
F;0;0;2;0;0;0;3;3;0;0;2;4;0;0
F;0;0;22;0;3;5;20;20;1;0;68;0;3;0
F;0;0;2;0;29;38;11;11;2;10;1;0;0;2
F;0;0;0;0;0;0;0;0;0;0;0;0;0;0
F;0;1;2;0;0;0;8;8;1;0;0;0;0;0
F;0;0;4;0;1;3;0;0;0;0;4;0;0;0
F;0;0;0;0;0;0;1;1;1;0;0;0;0;0
F;0;0;4;0;6;15;13;13;5;15;1;5;1;1
T;0;0;2;1;0;0;25;25;2;0;20;1;3;0
F;0;0;1;0;1;54;4;4;2;1;0;0;0;0
F;0;0;1;0;1;1;0;0;0;0;0;0;0;1
T;0;1;5;0;5;53;21;21;0;47;4;0;0;2
T;0;1;11;0;127;1142;13;13;2;148;10;0;0;5
F;0;0;0;0;0;0;0;0;0;0;0;0;0;0
F;0;0;1;0;0;1;0;0;0;0;3;3;0;0
F;0;0;0;0;0;0;2;2;0;0;0;0;0;0
F;0;0;0;0;0;0;0;0;0;0;0;0;0;0
T;0;1;0;1;0;0;19;19;3;0;0;4;3;0
F;0;0;1;0;0;0;0;0;0;0;2;0;0;0
T;0;0;1;1;0;0;41;41;3;1;0;1;0;0
F;0;0;0;0;0;0;0;0;0;0;3;0;0;0
T;0;0;1;1;0;0;6;7;0;0;0;1;0;0
F;0;0;0;0;0;0;0;0;0;0;0;0;0;0
F;0;0;0;0;0;0;0;0;0;0;0;0;0;0
T;0;0;10;0;3;8;23;23;0;0;27;0;0;0
F;0;0;1;0;0;0;0;0;0;0;0;0;0;0
T;0;2;12;0;12;24;14;14;2;6;6;7;6;4
F;0;0;0;0;0;0;0;0;0;0;0;0;0;0
T;0;0;7;2;6;19;17;17;1;8;2;10;4;2
T;0;0;13;0;6;10;70;70;4;1;22;10;3;5
T;0;1;5;0;3;5;7;7;1;0;3;1;0;2
F;0;0;4;0;5;8;2;2;0;2;8;0;0;0
T;0;0;1;8;0;0;11;11;2;0;4;1;0;0
F;0;0;2;3;1;16;22;22;0;12;1;3;2;0
T;0;2;32;1;16;46;12;12;5;23;7;13;8;10
F;0;0;0;0;0;0;0;0;0;0;0;0;0;0
F;0;0;0;0;0;0;0;0;0;0;0;0;0;0
F;0;0;2;0;16;19;0;0;0;6;11;0;0;1
F;0;0;4;0;3;3;6;6;2;0;3;0;0;3
F;0;0;0;0;0;0;0;0;0;0;0;0;0;0
F;0;0;0;0;0;0;0;0;0;0;2;0;0;0
F;0;0;0;0;0;0;0;0;0;0;0;0;0;0
F;0;1;1;0;4;5;2;2;3;1;0;0;0;0
F;0;2;13;0;20;42;22;22;1;18;28;0;0;1
F;0;0;0;0;0;0;0;0;0;0;0;0;0;0
F;0;0;5;0;0;3;9;9;4;0;2;1;0;0
F;0;0;2;0;1;2;8;8;0;0;3;3;0;1
F;0;0;0;0;0;0;0;0;0;0;0;0;0;0
F;0;0;0;0;0;0;2;2;2;0;1;0;0;0
F;0;0;7;0;1;8;23;23;1;2;13;3;0;0
T;0;0;16;0;18;1441;25;25;4;34;7;0;0;6
F;0;0;1;0;0;1;6;6;1;0;26;0;0;0
F;0;0;0;0;0;0;1;1;1;0;0;0;0;0
T;0;1;9;0;1;3;8;8;1;0;15;3;0;0
T;0;1;10;2;8;330;26;26;0;25;5;2;1;1
F;0;0;0;0;0;0;0;0;0;0;0;0;0;0
T;0;0;0;0;0;0;7;7;1;0;0;1;0;0
F;0;0;0;0;0;0;0;0;0;0;7;0;0;0
F;0;0;0;0;0;0;0;0;0;0;0;0;0;0
T;0;1;3;0;1;4;10;10;5;1;2;3;0;1
F;0;0;0;0;0;0;0;0;0;0;0;0;0;0
F;1;0;8;0;3;8;6;6;1;5;27;1;2;2
F;1;0;0;0;0;0;0;0;0;0;0;0;0;0
T;0;0;8;0;5;8;22;22;0;2;7;0;0;1
T;0;1;12;1;1;5;30;30;6;1;45;5;5;0
T;0;0;0;2;0;0;20;20;0;0;4;1;0;0
F;0;0;1;0;0;0;43;43;3;0;0;1;0;0
F;0;0;2;0;1;2;0;0;0;0;2;0;0;0
T;0;0;9;1;6;10;36;35;6;1;11;2;0;4
F;0;0;0;0;0;0;0;0;0;0;0;0;0;0
T;0;1;14;1;3;41;49;49;0;37;61;2;3;0
T;0;0;19;1;21;56;20;20;4;27;8;2;1;5
F;0;0;0;0;0;0;0;0;0;0;0;0;0;0
T;0;0;0;0;0;0;45;45;1;0;1;0;0;0
T;0;0;9;2;14;45;36;36;8;31;20;5;3;2
F;1;0;0;0;0;0;1;1;0;0;1;0;0;0
T;0;0;6;5;2;3;51;50;2;1;12;1;0;2
T;0;0;0;1;0;0;16;16;3;0;1;0;0;0
F;0;0;1;0;1;9;3;3;1;0;2;0;0;0
T;0;0;36;1;28;236;73;73;5;27;28;31;14;12
T;0;0;0;0;0;0;14;14;4;0;3;0;0;0
F;2;1;9;1;13;46;11;11;1;13;28;6;5;4
T;0;0;9;1;2;3;22;22;0;0;6;3;1;0
T;3;4;7;1;0;0;30;30;4;0;50;1;6;0
T;1;1;30;0;38;304;102;102;2;13;25;20;6;10
T;0;2;23;0;6;114;24;24;0;21;22;4;2;4
T;0;0;10;0;4;16;21;21;1;4;2;1;0;3
T;0;0;7;1;6;15;18;19;1;8;12;2;2;4
F;0;0;1;0;0;0;1;1;0;0;0;0;0;0
F;0;0;0;0;0;0;0;0;0;0;0;0;0;0
F;0;0;0;0;0;0;0;0;0;0;0;0;0;0
T;1;1;32;0;21;115;7;7;0;67;81;1;1;12
T;0;0;0;1;0;0;11;11;0;0;2;2;1;0
F;0;1;3;0;20;35;13;13;2;15;0;1;0;0
F;0;0;0;0;0;0;2;2;1;0;0;0;0;0
T;0;0;41;0;378;476;48;48;7;98;142;13;2;16
T;0;2;0;0;0;0;48;48;7;0;29;1;0;0
F;0;0;1;0;0;0;13;13;1;0;10;2;0;0
T;1;0;3;0;0;0;10;10;2;0;1;2;0;0
T;0;1;4;0;1;2;12;12;1;0;0;0;0;1
T;0;0;0;1;0;0;7;7;6;0;14;6;1;0
F;0;1;3;0;4;6;6;6;2;8;2;7;2;1
T;0;0;14;0;22;14670;11;11;3;29;14;0;1;3
F;0;0;0;0;0;0;0;0;0;0;2;0;0;0
T;0;1;0;4;0;0;11;11;7;0;0;11;8;0
F;0;0;16;3;4;12;8;8;2;4;53;1;0;4
T;0;0;1;1;0;0;7;7;0;0;1;2;1;0
T;0;0;25;1;20;934;57;57;6;58;32;0;0;8
T;0;0;0;1;0;0;11;11;6;0;2;1;0;0
F;0;1;4;0;1;2;3;3;0;0;1;0;0;1
T;0;0;11;1;10;16;35;35;10;3;9;1;0;4
T;2;2;12;1;102;185;58;58;8;99;14;3;0;4
F;0;0;0;0;0;0;0;0;0;0;0;0;0;0
F;0;0;0;0;0;0;0;0;0;0;0;0;0;0
F;0;0;2;0;8;11;0;0;0;3;9;1;3;3
F;1;0;2;0;1;2;0;0;0;0;1;0;0;1
F;0;0;2;0;0;1;0;0;0;0;21;0;1;0
F;0;0;1;0;0;1;4;4;3;0;4;0;0;0
F;0;0;2;0;0;1;8;8;8;0;1;0;0;0
T;0;1;6;1;7;14;18;18;11;0;9;2;0;2
F;0;0;2;0;0;0;2;2;0;0;7;0;0;0
T;0;0;1;1;0;0;53;53;3;0;31;5;1;0
T;0;0;0;0;0;0;21;21;3;0;1;1;0;0
T;0;0;11;0;14;59;84;83;0;42;7;1;0;3
T;0;1;17;1;8;35;17;17;3;16;42;3;0;2
F;0;0;0;0;0;0;0;0;0;0;0;0;0;0
F;0;0;0;0;0;0;18;18;5;0;12;0;0;0
F;0;0;0;0;0;0;0;0;0;0;0;0;0;0
T;0;0;2;1;6;175;38;38;2;16;6;5;3;0
F;0;1;12;0;14;22;6;6;2;14;23;2;1;2
F;0;0;1;0;1;1;3;3;3;0;0;0;0;1
F;0;0;15;0;9;36;25;25;3;8;29;1;0;7
F;0;0;6;0;21;34;7;7;2;3;55;0;0;9
T;2;0;24;0;17;41;44;44;27;9;20;10;2;7
T;0;0;5;8;32;54;16;16;0;24;8;9;6;2
T;0;0;0;4;0;0;16;16;7;0;3;2;2;0
F;0;0;1;0;0;0;0;0;0;0;0;0;0;0
F;0;0;4;0;1;2;0;0;0;0;8;0;0;1
F;0;0;0;0;0;0;0;0;0;0;0;0;0;0
F;0;0;0;0;0;0;0;0;0;0;0;0;0;0
F;0;2;3;0;1;3;4;4;1;0;11;0;0;0
T;1;1;2;0;0;69;17;17;0;1;0;3;1;0
F;0;0;0;0;0;0;0;0;0;0;0;0;0;0
F;0;0;1;0;0;0;0;0;0;0;0;0;0;0
F;0;0;0;0;0;0;0;0;0;0;0;0;0;0
T;1;1;6;0;1;61;51;51;10;13;23;3;0;0
T;0;0;8;2;34;65;16;16;2;31;5;1;0;1
T;0;1;6;2;4;18;40;40;2;10;12;2;1;2
T;0;1;3;1;3;8;65;65;6;1;0;1;0;1
F;0;0;0;0;0;0;0;0;0;0;0;0;0;0
F;0;0;0;0;0;0;0;0;0;0;0;0;0;0
F;0;0;0;0;0;0;0;0;0;0;0;0;0;0
F;0;0;2;0;2;4;0;0;0;0;1;0;0;0
T;0;1;1;2;1;1;36;36;2;0;1;1;2;0
F;0;0;1;0;0;1;0;0;0;0;7;0;1;0
T;0;1;0;5;0;0;7;7;0;0;5;0;0;0
T;0;0;4;1;7;8;32;32;0;1;43;5;1;3
F;0;1;0;2;0;0;30;30;6;0;41;3;3;0
T;0;0;31;1;24;71;23;23;3;30;64;15;10;11
F;0;0;5;0;6;14;36;36;1;10;11;0;1;2
F;0;0;0;0;0;0;0;0;0;0;0;0;0;0
T;0;0;3;1;11;20;9;9;0;18;1;2;1;1
T;1;0;6;0;57;82;31;31;7;28;1;5;1;0
T;0;0;11;1;1;2;39;39;0;0;18;4;2;0
F;0;0;0;0;0;0;0;0;0;0;0;0;0;0
F;0;1;2;0;1;1;3;3;0;0;12;0;0;1
T;1;0;4;0;0;1;44;44;12;0;18;0;0;0
F;0;0;0;0;0;0;0;0;0;0;0;0;0;0
F;0;1;2;0;0;1;32;32;4;0;4;1;0;0
T;0;1;17;0;4;20;44;44;0;1;45;8;0;3
T;0;0;0;1;0;0;8;8;2;0;14;3;5;0
F;0;0;0;0;0;0;0;0;0;0;0;0;0;0
F;0;0;0;0;0;0;0;0;0;0;0;0;0;0
F;0;0;0;0;0;0;0;0;0;0;0;0;0;0
T;1;0;11;0;7;165;35;35;3;30;64;1;1;7
T;0;0;0;2;0;0;24;24;5;0;0;1;0;0
T;0;1;9;1;24;706;34;34;7;65;3;2;1;6
T;0;0;0;0;0;0;7;7;0;0;5;1;0;0
F;0;0;6;0;4;6;11;10;0;2;2;3;0;2
T;0;1;5;0;6;11;17;17;5;2;2;2;1;4
F;0;0;8;0;2;2;4;4;0;0;13;0;0;0
T;0;0;3;2;3;3;20;20;6;0;12;2;1;2
F;0;0;2;0;0;0;0;0;0;0;2;1;0;0
F;0;0;2;0;0;0;0;0;0;0;32;0;0;0
T;0;0;16;0;31;52;40;40;6;18;9;2;2;3
F;0;0;0;0;0;0;0;0;0;0;0;0;0;0
T;0;0;24;1;16;39;102;102;7;10;47;9;4;11
F;0;0;1;0;0;1;0;0;0;0;1;0;0;0
T;3;2;50;1;64;566;19;19;0;99;48;3;3;16
T;0;1;24;1;20;105;27;26;11;78;11;2;0;14
F;0;0;5;0;0;0;0;0;0;0;14;0;0;0
T;0;1;20;1;77;112;24;24;6;15;43;3;0;5
F;0;0;0;0;0;0;0;0;0;0;0;0;0;0
T;1;0;4;0;6;6;25;25;3;0;4;0;0;3
T;0;1;34;1;197;2053;7;7;2;95;57;3;3;5
F;0;0;0;0;0;0;0;0;0;0;0;0;0;0
T;0;0;34;15;6;11;19;19;7;9;85;3;0;0
F;0;0;0;0;0;0;0;0;0;0;0;0;0;0
F;0;0;2;0;3;7;1;1;0;0;0;0;0;0
T;0;0;20;2;15;46;139;139;3;21;50;3;1;3
T;0;0;6;1;0;656;17;17;5;11;10;1;0;0
T;1;1;1;1;0;1;7;7;4;0;10;6;1;0
T;0;0;5;4;4;4;51;51;16;0;21;0;1;1
F;0;0;1;0;0;2;6;6;2;1;2;0;0;0
T;0;1;17;0;30;48;30;30;1;11;32;6;2;3
F;0;0;0;0;0;0;0;0;0;0;0;0;0;0
F;0;0;0;0;0;0;6;6;0;0;0;0;0;0
T;0;0;0;1;0;0;7;7;1;0;0;3;2;0
F;0;0;0;0;0;0;5;5;0;0;0;0;0;0
T;0;0;12;2;18;603;44;44;3;39;0;2;1;1
F;0;0;3;1;2;3;19;19;0;0;9;2;0;0
T;0;0;0;1;0;0;16;16;0;0;4;1;0;0
T;0;0;5;1;1;470;10;10;2;8;4;5;0;0
F;0;0;0;0;0;0;9;9;2;0;4;0;0;0
F;0;0;0;0;0;0;5;5;1;0;0;0;0;0
F;0;0;0;0;0;0;0;0;0;0;0;0;0;0
F;0;0;0;0;0;0;0;0;0;0;0;0;0;0
F;0;0;0;0;0;0;0;0;0;0;0;0;0;0
F;0;0;0;0;0;0;0;0;0;0;0;0;0;0
T;0;0;0;1;0;0;34;34;8;0;0;1;0;0
T;0;1;3;0;1;2;21;21;2;0;10;0;0;1
F;0;0;1;0;0;0;0;0;0;0;0;0;0;0
T;0;1;0;1;0;0;6;6;6;0;0;2;2;0
F;0;0;0;0;0;0;0;0;0;0;0;0;0;0
T;0;0;0;1;0;0;18;18;0;0;0;2;0;0
T;0;0;7;1;1;1;30;30;4;0;12;3;0;1
F;0;0;0;0;0;0;0;0;0;0;3;0;0;0
F;0;0;0;0;0;0;0;0;0;0;0;0;0;0
F;0;1;0;0;0;0;2;2;1;0;0;0;0;0
F;0;2;1;0;0;0;0;0;0;0;0;0;0;0
F;0;0;0;0;0;0;0;0;0;0;0;0;0;0
F;0;0;1;0;0;8;2;2;2;7;6;0;0;0
F;0;1;9;0;13;52;24;24;0;41;0;1;0;5
T;0;1;23;1;17;31;70;70;6;8;16;10;2;13
T;0;0;19;1;19;2000;7;8;0;124;28;2;0;0
T;0;0;16;1;24;135;34;32;5;18;20;1;0;8
T;0;0;16;3;22;54;35;35;0;10;23;4;1;13
F;0;0;0;0;0;0;0;0;0;0;0;0;0;0
F;0;0;7;0;5;21;9;9;3;10;4;0;0;0
F;0;0;0;0;0;0;4;4;1;0;0;0;0;0
T;0;0;2;0;0;2;10;10;5;0;0;0;0;0
T;0;0;6;0;4;5;7;7;0;0;19;1;0;4
T;0;1;6;1;0;0;12;12;6;0;12;9;0;0
F;0;0;1;0;0;0;0;0;0;0;3;0;0;0
T;0;0;0;0;0;0;6;6;6;0;0;0;0;0
T;0;0;2;0;5;5;7;7;1;2;0;0;0;1
T;1;0;1;1;2;2;10;10;2;0;1;1;0;1
F;0;0;1;0;1;1;3;3;2;0;1;0;0;1
F;1;0;2;0;1;14;0;0;0;0;1;0;0;1
F;0;0;3;0;1;4;8;8;1;1;0;0;0;1
T;0;0;10;8;7;25;11;11;1;13;21;3;1;1
F;0;0;0;0;0;0;0;0;0;0;0;0;0;0
T;0;0;6;1;1;11;27;27;5;6;3;3;0;1
T;0;0;0;1;0;0;26;26;4;0;11;0;0;0
T;0;1;16;1;4;13;40;40;3;0;33;8;2;3
F;0;0;0;0;0;0;0;0;0;0;0;0;0;0
F;0;0;3;0;2;4;4;4;0;1;0;0;0;2
T;0;0;1;0;0;0;8;8;2;0;7;0;0;0
F;0;0;0;0;0;0;2;2;0;0;0;0;0;0
T;0;0;10;0;37;6553;13;13;2;30;14;1;0;2
T;0;0;2;1;1;13;8;8;2;13;0;6;3;1
F;0;0;0;0;0;0;0;0;0;0;0;0;0;0
F;0;0;13;0;6;13;13;13;3;3;1;0;0;1
T;0;0;0;0;0;0;14;14;0;0;0;0;0;0
T;0;0;5;3;30;76;57;57;2;49;0;5;1;5
F;0;0;0;0;0;0;0;0;0;0;1;0;0;0
F;0;0;14;2;88;118;51;51;1;31;12;3;1;10
F;0;0;3;0;2;65;6;6;1;7;0;1;0;2
T;0;1;4;0;0;19;9;9;3;5;4;1;0;0
F;1;0;9;0;4;10;18;18;1;0;0;8;1;2
F;0;0;0;0;0;0;0;0;0;0;0;0;0;0
T;0;0;0;1;0;0;9;9;6;0;0;4;1;0
T;0;1;26;0;14;50;19;19;3;18;19;0;0;11
F;0;1;1;0;0;0;4;4;2;0;0;0;0;0
F;0;0;11;0;8;27;15;15;1;11;9;0;0;3
T;0;0;18;1;4;12;26;26;3;4;54;9;2;3
T;0;0;5;0;5;9;14;14;0;3;0;1;0;3
T;0;0;0;1;0;0;14;14;1;0;10;1;0;0
T;0;1;2;2;5;70;42;41;4;1;17;9;5;0
F;0;0;1;0;0;1;0;0;0;0;0;0;0;0
F;0;1;5;0;9;14;12;12;1;12;11;0;0;0
F;0;0;0;0;0;0;0;0;0;0;0;0;0;0
F;0;1;2;0;1;1;4;4;0;0;0;1;0;1
F;0;0;1;0;2;3;2;2;0;0;1;0;0;0
F;0;0;0;0;0;0;2;2;0;0;0;0;0;0
F;0;0;1;0;0;0;7;7;4;0;0;0;0;0
T;0;0;5;0;0;251;11;11;8;18;0;2;0;0
F;0;0;0;0;0;0;0;0;0;0;0;0;0;0
F;0;0;0;0;0;0;0;0;0;0;0;0;0;0
F;0;0;3;0;0;0;0;0;0;0;4;1;0;0
F;0;1;2;0;4;19;1;1;0;15;0;0;0;0
T;0;0;32;0;41;469;42;42;2;21;50;0;0;6
T;0;1;5;0;0;10;8;8;7;6;8;2;0;0
F;0;0;1;0;0;1;0;0;0;0;1;3;0;0
T;0;1;7;0;7;11;20;20;6;3;0;3;0;3
T;0;2;1;0;0;1;23;23;0;0;20;2;1;0
T;0;0;8;0;3;14;34;33;7;9;18;2;0;0
F;0;0;10;0;2;9;8;8;0;2;32;5;5;2
F;0;0;1;0;0;0;4;4;2;0;2;0;0;0
F;0;1;0;0;0;0;4;4;1;0;0;1;0;0
F;0;0;1;0;1;2;8;8;4;0;0;0;0;0
T;0;0;17;1;14;48;52;52;3;23;5;0;0;5
F;1;0;1;0;1;2;12;12;3;0;0;0;0;0
F;0;0;24;0;1;1;0;0;0;0;5;0;0;0
T;0;0;28;1;10;3745;31;31;5;3;20;18;11;6
F;1;0;7;0;6;10;5;5;4;2;15;2;1;1
T;0;0;15;1;13;148;78;78;1;15;29;3;1;5
T;1;0;19;0;39;99;18;18;4;56;46;11;1;5
T;0;0;4;0;0;0;17;17;2;0;19;1;1;0
T;0;1;18;0;12;31;21;21;9;5;34;9;1;7
F;0;0;8;0;2;7;5;5;3;1;7;2;0;1
F;0;0;6;0;1;3;5;5;1;0;4;2;1;0
T;1;0;9;1;36;65;58;58;11;30;5;11;8;6
T;0;0;0;0;0;0;19;19;0;0;0;0;0;0
F;0;0;0;0;0;0;3;3;1;0;0;0;0;0
T;0;0;7;1;0;5;28;28;7;1;93;3;0;0
F;0;0;0;0;0;0;3;3;0;0;4;0;0;0
T;0;1;5;0;3;4;9;9;2;0;4;1;0;3
T;0;1;0;1;0;0;6;6;0;0;0;3;2;0
F;0;0;0;0;0;0;0;0;0;0;0;0;0;0
F;0;0;1;0;0;0;2;2;0;0;2;0;0;0
T;1;0;52;1;105;123;74;74;10;14;90;5;0;10
F;0;0;1;0;0;1;0;0;0;0;0;0;0;0
T;0;1;26;1;24;70;60;60;4;2;86;2;2;3
T;0;0;0;0;0;0;28;28;3;0;5;1;1;0
T;0;0;11;0;21;46;34;34;0;24;10;0;0;0
T;1;0;30;1;28;343;16;16;5;0;52;0;1;26
F;0;0;0;2;0;0;16;15;0;0;1;1;0;0
T;0;0;4;0;8;18;11;11;1;9;3;2;0;2
F;0;0;0;0;0;0;5;5;1;0;0;0;0;0
F;0;0;0;0;0;0;0;0;0;0;0;0;0;0
T;0;0;20;1;7;21;24;24;1;6;64;17;8;1
T;0;0;1;1;1;28;41;41;4;27;8;0;0;1
F;0;0;0;0;0;0;0;0;0;0;0;0;0;0
T;0;0;6;1;21;3831;9;9;1;3;2;1;0;4
T;0;0;74;1;27;136;33;33;1;72;177;5;2;9
F;0;0;0;0;0;0;2;2;0;0;0;0;0;0
F;0;0;0;0;0;0;17;17;1;0;1;0;0;0
F;0;0;12;1;10;20;46;46;0;8;20;3;1;8
T;2;0;16;2;35;42;16;16;3;23;27;8;4;3
F;0;0;0;0;0;0;0;0;0;0;0;0;0;0
T;1;0;9;4;8;82;107;107;1;71;10;4;2;2
F;0;0;0;0;0;0;0;0;0;0;0;0;0;0
T;0;0;5;1;3;12;7;7;4;4;26;0;0;1
F;0;0;5;0;0;1;3;3;2;0;1;1;0;0
T;0;2;15;2;9;41;67;67;2;19;67;3;0;1
F;0;0;0;0;0;0;14;14;3;0;1;0;0;0
T;0;0;0;2;0;0;6;6;4;0;1;2;1;0
F;0;0;1;0;0;0;0;0;0;0;0;0;0;0
F;0;0;33;0;31;73;15;15;0;23;74;1;0;13
F;0;0;0;0;0;0;0;0;0;0;0;0;0;0
F;1;0;0;0;0;0;2;2;0;0;0;0;0;0
T;1;0;4;0;2;6;15;15;7;3;4;0;0;1
T;0;0;8;1;4;5;32;32;1;0;68;9;1;2
F;0;0;1;0;1;1;0;0;0;0;4;0;0;0
F;1;0;4;0;16;18;1;1;1;5;3;1;0;1
F;0;0;7;0;6;8;5;5;1;1;1;2;1;2
F;0;0;0;0;0;0;0;0;0;0;0;0;0;0
T;1;0;2;1;7;329;8;8;0;2;30;3;1;0
F;1;0;15;0;186;263;26;26;0;87;24;2;0;0
F;0;0;1;0;0;0;12;12;1;0;5;0;0;0
F;0;0;0;0;0;0;11;11;0;0;2;0;0;0
F;0;0;1;0;0;0;5;5;0;0;4;4;0;0
F;0;0;1;0;0;0;0;0;0;0;1;0;0;0
F;0;0;0;0;0;0;4;4;1;0;1;0;0;0
T;0;0;38;1;17;421;12;12;4;51;54;3;0;4
T;0;0;5;0;2;2;25;25;1;0;7;1;0;0
T;6;0;74;2;56;413;57;57;1;139;244;2;0;11
T;0;0;2;0;1;3;7;7;0;0;0;1;0;0
T;0;0;7;0;5;12;18;18;2;7;32;1;1;0
F;1;1;1;1;5;29;11;11;1;23;0;1;1;0
T;2;0;16;0;119;147;17;17;0;38;21;3;0;3
T;0;0;2;1;5;9;10;10;0;5;10;1;1;0
F;0;0;0;0;0;0;0;0;0;0;0;0;0;0
F;0;0;0;0;0;0;0;0;0;0;2;0;0;0
F;0;0;0;0;0;0;0;0;0;0;0;0;0;0
F;0;0;1;0;0;0;10;10;0;0;1;0;0;0
F;0;0;1;0;0;0;5;5;1;0;0;0;0;0
T;1;1;9;1;1;3;74;74;3;0;7;1;0;1
F;0;0;2;1;2;5;20;20;0;2;1;0;0;0
F;0;0;0;0;0;0;0;0;0;0;0;0;0;0
F;0;0;4;0;0;9;12;12;6;7;3;1;0;0
T;0;0;6;1;0;4;16;16;3;0;93;2;0;0
T;0;0;14;2;2;3;110;109;13;0;35;3;0;0
F;0;0;7;0;13;18;15;15;0;4;22;1;0;3
F;0;0;0;0;0;0;0;0;0;0;0;0;0;0
F;0;0;1;0;1;3;0;0;0;0;2;0;0;0
T;0;0;1;2;0;0;20;20;0;0;8;1;0;0
T;0;1;17;0;25;54;23;23;2;13;13;4;3;3
F;0;0;1;0;1;2;1;1;1;0;5;0;0;0
F;0;0;0;0;0;0;0;0;0;0;0;0;0;0
F;0;0;0;0;0;0;0;0;0;0;0;0;0;0
T;0;1;7;1;4;30;24;22;3;22;13;2;0;0
T;1;2;71;1;113;159;18;18;3;24;137;2;1;19
F;0;0;1;0;0;0;4;4;1;0;6;0;0;0
F;0;0;4;0;2;2;0;0;0;1;4;0;0;0
T;0;0;4;0;9;16;15;15;7;6;1;5;0;0
F;0;0;0;0;0;0;0;0;0;0;0;0;0;0
T;0;0;14;1;51;106;19;19;0;54;44;8;4;14
F;0;0;14;0;13;17;6;6;3;0;21;1;1;9
T;2;0;2;0;1;1;7;7;0;0;2;4;1;1
T;2;0;4;0;1;4;54;54;5;1;3;4;1;1
F;0;0;4;0;0;5;32;32;3;3;2;1;0;0
T;0;0;6;0;13;32;13;13;7;18;1;4;0;4
F;0;0;2;0;0;13;0;0;0;11;7;2;0;0
F;0;0;4;0;1;15;9;9;0;2;9;14;0;0
T;0;1;2;0;0;1;42;42;0;0;3;1;0;0
T;0;0;9;1;6;18;6;6;5;8;14;0;0;3
T;0;0;2;1;2;4;14;14;0;1;9;0;0;1
F;0;0;2;0;0;0;25;25;0;0;9;1;0;0
T;0;0;1;1;0;0;93;91;2;0;5;24;13;0
F;0;0;2;0;1;4;10;10;1;1;9;0;0;1
F;1;2;13;0;7;146;34;34;6;14;2;8;1;3
F;0;0;3;0;1;1;0;0;0;0;21;0;0;1
T;0;0;3;0;0;0;33;33;3;0;16;0;0;0
F;0;0;0;0;0;0;0;0;0;0;0;0;0;0
T;0;1;2;0;4;6;24;24;16;1;0;1;0;4
F;0;0;0;0;0;0;0;0;0;0;0;0;0;0
F;0;0;0;0;0;0;0;0;0;0;0;0;0;0
F;0;0;2;0;0;4;5;5;1;2;8;1;0;0
F;0;0;0;0;0;0;3;3;0;0;16;0;2;0
F;0;1;1;0;1;1;3;3;1;0;0;0;0;1
F;0;0;1;0;1;1;4;4;0;0;0;0;0;0
T;0;0;13;0;4;19;25;25;0;4;23;0;0;2
F;0;0;2;0;0;0;0;0;0;0;10;0;0;0
T;0;0;4;1;1;1;11;11;3;0;36;6;2;0
T;0;0;3;2;1;14;27;27;4;0;13;0;0;1
F;0;1;1;0;1;3;2;2;1;2;1;0;0;1
F;0;0;0;0;0;0;0;0;0;0;12;0;0;0
F;0;0;0;0;0;0;0;0;0;0;4;0;0;0
T;0;0;5;3;1;3;8;9;5;0;0;2;1;1
F;0;0;1;0;0;1;3;3;2;0;2;2;0;0
T;0;0;8;1;6;15;7;7;6;5;5;1;1;1
T;0;0;0;0;0;0;26;26;2;0;1;0;0;0
T;1;0;4;1;1;4;17;17;3;0;25;1;0;0
T;0;0;15;1;42;64;10;10;6;20;10;1;2;10
F;0;0;0;0;0;0;0;0;0;0;0;0;0;0
F;0;0;0;0;0;0;0;0;0;0;0;0;0;0
F;0;0;0;0;0;0;0;0;0;0;0;0;0;0
T;1;0;23;0;17;49;29;29;2;24;22;1;1;11
F;0;0;0;0;0;0;0;0;0;0;0;0;0;0
T;0;0;16;1;13;21;12;12;8;7;56;0;0;3
F;0;0;0;0;0;0;0;0;0;0;0;0;0;0
T;0;0;1;1;0;0;6;6;2;0;11;0;1;0
F;0;0;2;0;12;14;2;2;2;0;0;0;0;0
T;0;0;63;11;95;794;30;30;6;71;99;2;0;17
F;1;0;1;0;14;24;3;3;1;11;18;2;0;0
F;0;0;0;0;0;0;6;6;3;0;1;0;0;0
F;0;1;7;0;3;31;9;9;4;27;3;1;0;1
T;0;0;8;0;3;186;39;39;1;12;10;1;1;0
F;0;0;0;0;0;0;0;0;0;0;0;0;0;0
T;0;0;3;1;1;3;22;22;2;0;5;6;5;1
F;0;0;0;0;0;0;0;0;0;0;5;0;0;0
T;0;0;4;0;1;5;32;32;0;1;8;1;0;1
T;0;0;10;0;5;144;17;17;4;60;9;0;0;2
F;0;0;0;0;0;0;0;0;0;0;0;0;0;0
T;0;0;3;0;1;3;18;18;0;0;18;8;0;0
T;0;0;12;2;14;21;13;13;3;3;1;9;2;2
F;0;0;1;0;4;7;5;5;3;4;6;2;1;0
F;0;0;1;0;0;0;22;22;1;0;3;0;0;0
F;0;0;0;0;0;0;0;0;0;0;0;0;0;0
F;0;0;3;0;0;0;0;0;0;0;4;1;1;0
F;0;0;2;0;0;0;0;0;0;0;0;0;0;0
T;1;0;13;1;11;94;14;14;3;81;11;4;3;2
F;0;0;1;0;0;0;3;3;1;0;1;0;0;0
F;0;0;2;0;0;0;0;0;0;0;1;0;0;0
T;0;0;3;1;2;2;11;11;10;0;2;1;1;0
T;0;0;0;0;0;0;22;22;0;0;0;1;0;0
T;0;1;3;1;2;3;7;7;7;0;14;2;0;0
T;0;0;34;2;15;129;72;72;5;96;74;3;3;6
T;0;0;0;1;0;0;8;8;0;0;0;2;1;0
F;0;0;0;0;0;0;0;0;0;0;0;0;0;0
F;0;0;0;0;0;0;0;0;0;0;0;0;0;0
F;0;0;0;0;0;0;2;2;0;0;0;0;0;0
T;0;0;0;1;0;0;10;10;1;0;0;1;0;0
F;0;0;0;0;0;0;0;0;0;0;0;0;0;0
F;1;0;3;0;2;3;0;0;0;0;2;1;0;0
T;0;0;1;0;0;0;15;15;0;0;1;0;0;0
F;1;0;12;0;9;32;99;99;7;24;9;0;0;2
F;0;0;2;0;1;2;0;0;0;0;1;1;0;0
F;0;0;1;0;4;253;6;6;2;3;0;0;0;1
F;0;0;17;0;15;19;13;13;2;4;10;0;0;2
F;0;0;4;1;2;3;27;27;0;0;15;2;1;0
T;0;0;3;0;0;1;18;18;6;0;1;0;0;0
F;0;0;82;0;2;7;3;3;1;1;102;16;5;0
F;0;0;0;0;0;0;6;6;1;0;1;0;0;0
F;0;0;0;0;0;0;0;0;0;0;0;0;0;0
F;0;2;11;0;51;61;30;30;3;12;27;10;8;0
F;0;1;2;0;1;1;4;4;1;0;0;0;0;0
F;0;0;0;0;0;0;0;0;0;0;0;0;0;0
F;1;0;1;0;0;1;6;6;1;0;3;1;0;0
F;0;0;2;0;3;6;0;0;0;2;4;0;0;1
F;0;0;5;0;0;2;7;7;2;0;21;0;0;0
F;0;0;0;0;0;0;0;0;0;0;5;0;0;0
F;0;0;0;0;0;0;0;0;0;0;0;0;0;0
T;0;0;0;0;0;0;8;8;5;0;0;0;0;0
T;0;0;0;0;0;0;6;6;0;0;1;0;0;0
T;1;0;1;1;0;0;10;10;0;0;2;0;0;0
T;0;1;0;1;0;0;9;9;0;0;4;0;2;0
F;0;0;4;0;4;8;2;2;1;2;2;0;0;2
F;0;0;1;0;0;1;0;0;0;0;0;0;0;0
T;0;0;19;0;294;430;17;17;3;158;9;6;1;11
F;0;0;1;0;0;0;0;0;0;0;16;1;0;0
F;0;0;2;0;2;66;5;5;2;6;2;0;0;0
T;0;0;6;1;0;6;37;37;0;2;7;0;0;0
T;0;0;0;0;0;0;6;6;0;0;0;0;0;0
T;0;0;0;1;0;0;12;12;0;0;0;4;4;0
T;0;0;3;1;0;1;12;12;0;0;0;2;1;0
F;0;0;0;0;0;0;43;43;2;0;0;0;0;0
T;0;0;34;2;9;985;238;239;2;21;80;0;1;6
F;0;0;3;0;2;4;0;0;0;2;2;0;0;1
F;0;0;0;0;0;0;0;0;0;0;0;0;0;0
F;0;0;1;0;0;0;0;0;0;0;6;0;0;0
F;0;0;0;0;0;0;0;0;0;0;0;0;0;0
F;0;0;0;0;0;0;1;1;0;0;2;0;0;0
T;0;0;9;1;3;6;9;4;2;0;10;4;1;2
F;0;0;1;0;0;0;17;17;0;0;6;0;0;0
F;0;0;0;0;0;0;0;0;0;0;0;0;0;0
T;0;0;1;2;4;7;12;12;2;2;33;1;1;0
F;0;0;3;0;11;23;0;0;0;13;9;0;0;0
F;0;0;0;0;0;0;0;0;0;0;0;0;0;0
T;0;0;7;0;3;5;21;21;5;2;3;0;0;1
T;0;0;31;0;6;29;97;97;18;17;60;2;1;5
T;0;0;0;0;0;0;9;9;0;0;2;0;0;0
F;0;0;0;0;0;0;0;0;0;0;0;0;0;0
T;0;0;0;1;0;0;17;17;2;0;0;4;1;0
F;0;2;4;0;4;11;15;15;5;5;11;0;0;0
T;0;1;4;1;4;8;7;7;1;0;7;2;0;0
T;1;0;16;0;29;219;17;17;1;81;3;1;0;6
F;0;0;0;0;0;0;0;0;0;0;0;0;0;0
T;0;0;74;3;140;590;29;29;4;123;117;0;0;9
T;1;0;22;1;17;60;16;14;3;32;47;3;1;9
F;0;0;2;0;0;4;0;0;0;2;7;0;0;0
T;0;0;0;1;0;0;6;6;0;0;1;0;0;0
T;0;0;1;1;1;1;18;18;15;0;14;3;1;0
F;0;0;0;1;0;0;0;0;0;0;0;1;0;0
T;0;0;8;0;6;12;34;34;0;2;4;0;0;0
T;0;0;0;0;0;0;41;41;5;0;15;2;0;0
T;0;0;14;1;19;190;16;16;10;13;55;2;0;1
T;0;0;18;1;6;34;44;44;2;26;29;0;0;3
F;0;0;0;0;0;0;0;0;0;0;0;0;0;0
T;0;0;14;0;5;27;23;23;0;18;29;1;0;2
T;0;1;6;0;2;23;28;28;3;2;16;6;2;1
F;0;0;4;0;2;7;15;15;5;2;4;3;2;2
T;0;0;0;2;0;0;8;8;1;0;5;2;1;0
T;0;0;6;0;12;40;20;20;2;27;19;0;0;0
F;0;0;0;0;0;0;0;0;0;0;0;0;0;0
T;0;0;1;0;2;5;29;29;2;1;11;4;1;2
T;0;0;0;1;0;0;10;10;1;0;0;2;1;0
T;3;1;28;1;34;78;23;23;1;45;36;2;1;5
F;0;0;1;0;1;2;4;4;1;0;4;0;0;0
T;0;0;0;1;0;0;7;7;0;0;1;0;0;0
F;0;0;2;0;2;3;3;3;1;1;0;0;0;1
T;0;0;0;4;0;0;19;19;8;0;17;2;2;0
F;0;0;0;0;0;0;0;0;0;0;0;0;0;0
T;0;0;1;0;0;1;14;14;5;0;1;0;0;0
F;0;0;4;0;4;4;1;1;0;0;4;7;0;4
T;0;1;5;0;4;26;6;6;5;21;1;0;0;2
F;0;0;1;0;2;2;11;11;1;0;3;0;0;0
T;0;0;0;2;0;0;17;17;0;0;8;2;2;0
T;0;2;7;2;27;42;32;31;2;9;14;5;3;4
F;0;1;2;0;0;1;3;3;0;0;0;0;0;0
F;0;0;0;0;0;0;16;16;0;0;3;0;0;0
T;1;0;14;1;3;7;20;20;0;0;24;1;0;0
T;0;0;13;0;16;26;41;41;1;10;7;0;0;6
F;0;0;0;0;0;0;0;0;0;0;0;0;0;0
F;0;0;3;0;1;3;0;0;0;0;0;1;0;0
F;0;0;0;0;0;0;0;0;0;0;0;0;0;0
F;0;0;0;0;0;0;1;1;0;0;0;0;0;0
T;1;0;12;1;22;445;34;34;4;356;9;0;0;11
T;0;0;0;0;0;0;6;6;2;0;4;4;2;0
F;0;0;0;0;0;0;0;0;0;0;0;0;0;0
T;0;0;2;0;67;89;16;16;5;27;0;1;0;1
F;0;0;0;0;0;0;0;0;0;0;0;1;0;0
F;0;0;0;0;0;0;0;0;0;0;1;4;4;0
T;0;1;34;1;158;1885;18;18;3;63;50;5;1;9
F;0;0;0;0;0;0;0;0;0;0;0;0;0;0
F;0;0;0;0;0;0;0;0;0;0;0;0;0;0
T;0;0;4;0;11;13;12;12;3;4;9;2;0;0
T;0;0;7;1;1;19;12;12;2;0;30;2;4;0
F;0;0;0;0;0;0;0;0;0;0;0;0;0;0
F;0;0;0;0;0;0;0;0;0;0;0;0;0;0
T;0;0;34;1;10;362;67;67;8;5;77;0;0;4
F;0;0;0;0;0;0;0;0;0;0;0;0;0;0
F;0;0;7;0;2;6;5;5;1;0;6;0;0;2
T;2;1;0;0;0;0;24;24;1;0;10;9;4;0
F;0;0;0;0;0;0;0;0;0;0;0;0;0;0
F;0;1;2;0;3;28;1;1;0;3;1;0;0;0
F;0;0;0;0;0;0;0;0;0;0;0;0;0;0
T;0;0;1;2;0;0;22;22;8;0;24;1;2;0
F;0;0;7;0;8;16;5;5;2;6;8;1;0;3
T;0;0;0;0;0;0;16;16;3;0;12;2;0;0
F;0;0;2;0;0;1;0;0;0;0;4;0;0;0
F;0;0;2;0;1;4;1;1;0;0;1;0;0;0
F;0;0;0;0;0;0;0;0;0;0;0;0;0;0
F;0;0;3;0;0;0;11;11;4;0;0;0;0;0
F;0;0;1;0;0;2;4;4;1;1;4;1;0;0
T;0;0;8;0;0;0;10;10;0;0;0;0;0;0
T;0;0;3;0;0;0;10;10;1;0;21;2;0;0
T;1;0;20;0;13;21;42;42;11;0;38;4;0;11
F;0;0;0;0;0;0;0;0;0;0;0;0;0;0
F;0;0;0;0;0;0;0;0;0;0;0;0;0;0
T;0;0;9;2;4;9;38;38;2;3;26;1;0;3
T;1;0;0;0;0;0;25;25;0;0;1;0;0;0
T;0;0;7;1;2;5;58;58;2;2;18;3;0;0
F;0;0;8;0;4;6;55;55;4;0;45;5;9;1
F;0;0;0;0;0;0;1;1;1;0;0;0;0;0
T;0;1;9;1;36;49;31;31;3;15;13;4;1;4
T;0;1;3;0;4;10;7;7;1;2;1;0;0;0
F;0;1;1;0;0;1;0;0;0;0;1;0;0;0
T;0;0;24;1;50;239;80;80;3;104;84;6;1;6
T;0;0;1;2;1;31;23;23;0;30;7;1;0;0
F;0;0;0;0;0;0;0;0;0;0;0;0;0;0
F;0;1;0;0;0;0;14;14;1;0;0;0;0;0
F;0;0;0;0;0;0;5;5;3;0;2;1;0;0
F;0;0;8;0;7;12;2;2;3;3;24;0;1;3
F;0;0;0;0;0;0;0;0;0;0;0;0;0;0
F;0;0;0;0;0;0;0;0;0;0;0;0;0;0
T;0;0;18;0;46;58;7;7;6;43;45;2;1;1
F;0;0;0;0;0;0;0;0;0;0;0;0;0;0
T;0;0;23;0;24;875;73;72;6;40;74;2;0;6
T;0;0;3;1;2;9;10;10;3;7;2;3;1;0
F;0;0;0;0;0;0;0;0;0;0;0;0;0;0
T;0;0;0;1;0;0;20;20;3;0;28;1;1;0
F;0;0;2;0;2;2;20;20;0;0;4;1;1;2
F;0;0;0;0;0;0;0;0;0;0;0;0;0;0
F;0;0;0;0;0;0;0;0;0;0;0;0;0;0
T;1;0;4;0;0;0;7;7;3;0;26;0;0;0
T;0;0;11;0;8;13;47;47;2;0;10;6;0;4
T;0;1;4;2;12;16;29;29;5;9;58;4;1;3
F;0;0;1;0;22;25;0;0;0;5;0;0;0;0
F;0;0;0;0;0;0;0;0;0;0;0;0;0;0
T;3;0;5;1;32;81;11;11;2;60;47;10;4;1
F;0;0;7;12;3;22;43;43;4;14;15;2;1;1
F;0;0;0;0;0;0;0;0;0;0;0;0;0;0
T;0;1;10;2;40;62;19;19;0;20;1;0;0;1
T;1;2;12;0;2;17;26;26;0;8;8;1;0;1
F;0;0;1;0;0;0;0;0;0;0;0;0;0;0
F;0;0;0;0;0;0;0;0;0;0;1;0;0;0
F;0;0;3;0;1;3;3;3;1;0;10;0;0;0
T;2;0;21;1;13;876;12;12;8;15;25;3;1;9
T;0;1;1;0;1;1;8;7;4;0;0;0;0;0
F;0;0;0;0;0;0;0;0;0;0;0;0;0;0
F;0;0;0;0;0;0;0;0;0;0;0;0;0;0
T;0;0;3;0;0;1;16;16;8;0;13;2;0;0
T;1;0;23;1;14;62;11;11;2;43;57;1;1;2
T;0;0;14;3;6;22;26;26;4;9;11;9;5;5
T;0;0;0;1;0;0;15;15;5;0;26;6;2;0
T;0;1;0;0;0;0;7;7;2;0;0;0;0;0
T;0;0;3;0;2;2;21;21;1;0;0;0;0;0
T;0;0;9;0;11;18;14;14;3;3;9;3;0;6
T;0;0;9;1;9;33;8;8;5;9;13;0;0;5
F;1;0;2;0;1;2;3;3;1;0;2;0;0;1
T;0;0;95;1;204;4242;38;38;1;196;198;5;5;12
T;0;1;30;0;25;34;13;13;3;6;40;0;0;7
F;0;0;0;8;0;0;9;9;2;0;19;5;6;0
F;0;0;0;0;0;0;0;0;0;0;0;0;0;0
T;0;0;33;1;35;80;44;44;11;19;42;4;0;11
F;0;0;0;0;0;0;0;0;0;0;0;0;0;0
T;0;0;63;3;128;559;24;24;1;133;138;9;4;14
T;0;0;0;0;0;0;10;10;1;0;3;0;0;0
F;0;0;0;0;0;0;0;0;0;0;0;0;0;0
F;0;0;0;0;0;0;20;20;3;0;0;0;0;0
F;0;0;0;0;0;0;0;0;0;0;0;0;0;0
T;0;0;0;3;0;0;20;20;0;0;23;1;3;0
F;0;0;0;0;0;0;0;0;0;0;0;0;0;0
F;0;0;1;0;0;0;0;0;0;0;0;0;0;0
F;1;0;0;0;0;0;1;1;0;0;1;0;0;0
F;0;0;0;0;0;0;0;0;0;0;0;0;0;0
T;0;0;5;0;2;12;11;11;4;6;1;0;0;2
F;0;0;0;0;0;0;0;0;0;0;9;0;0;0
T;0;1;2;0;5;13;10;10;1;5;16;1;2;1
T;0;1;22;1;64;201;27;27;3;76;28;2;0;12
F;0;0;8;0;3;239;3;3;0;18;8;0;0;0
F;0;0;2;0;0;0;0;0;0;0;0;0;0;0
T;0;0;7;0;13;21;34;34;4;6;1;2;1;2
T;1;0;11;0;19;36;57;57;14;6;3;3;0;1
T;0;0;19;1;20;24;25;25;3;1;44;4;2;6
F;0;0;0;0;0;0;5;5;2;0;4;4;1;0
T;0;0;0;1;0;0;23;23;0;0;5;0;0;0
F;1;0;6;0;5;13;5;5;2;5;20;1;0;3
T;1;3;17;1;7;18;121;121;2;13;26;6;0;7
F;0;0;0;0;0;0;0;0;0;0;0;0;0;0
T;1;3;28;1;23;919;47;47;1;53;44;3;0;11
T;0;0;1;2;1;2;32;31;1;0;54;6;3;0
F;0;0;9;0;11;20;17;17;4;3;6;1;0;0
F;1;0;2;0;0;6;0;0;0;2;6;0;0;0
T;0;0;3;1;1;4;31;31;31;1;1;6;1;1
F;0;0;1;0;0;0;0;0;0;0;0;1;0;0
F;0;0;1;0;0;0;0;0;0;0;1;0;0;0
T;0;0;8;1;5;20;9;9;2;14;2;2;0;5
F;0;0;0;0;0;0;0;0;0;0;0;0;0;0
T;0;0;15;1;13;37;32;32;2;18;9;0;0;7
F;0;0;0;0;0;0;0;0;0;0;0;0;0;0
T;0;0;9;0;18;418;47;46;2;15;0;0;0;2
F;0;0;4;0;1;128;16;16;3;2;3;0;0;0
T;0;0;2;0;1;28;31;31;1;2;4;0;0;0
F;0;0;0;1;0;0;6;6;0;0;1;1;0;0
F;0;0;1;0;0;1;0;0;0;0;4;0;0;0
T;0;0;18;1;4;30;53;53;1;11;72;0;0;2
F;0;1;1;0;1;6;0;0;0;4;0;0;0;0
F;0;0;27;0;225;263;78;78;7;48;47;0;0;9
T;0;0;0;1;0;0;24;20;0;0;19;0;0;0
T;0;0;20;1;4;10;64;64;10;2;58;2;1;3
F;0;0;12;0;7;47;18;18;7;17;2;10;0;1
T;0;0;4;1;0;10;111;111;10;14;16;1;1;0
F;0;0;5;0;2;7;5;5;4;1;5;1;0;0
F;0;0;6;0;2;4;5;5;5;0;8;3;0;1
F;0;1;7;0;7;16;8;8;0;11;0;2;0;3
T;0;1;10;1;14;175;16;16;8;19;31;3;2;0
T;0;1;4;1;1;4;53;53;3;0;14;0;0;1
T;0;0;7;1;14;359;33;33;6;28;6;4;0;3
T;0;0;0;1;0;0;9;9;5;0;3;0;0;0
T;0;0;8;0;4;4;6;6;0;0;18;12;0;1
T;0;0;6;1;2;4;13;13;2;1;0;3;2;0
F;0;0;0;0;0;0;0;0;0;0;0;0;0;0
F;0;0;0;0;0;0;6;6;2;0;0;0;0;0
T;0;0;2;1;0;1;41;41;0;0;7;1;0;0
T;0;0;10;1;14;72;11;11;2;20;7;1;0;2
F;0;0;0;0;0;0;0;0;0;0;0;2;0;0
T;0;0;4;0;2;6;18;18;7;1;1;0;0;1
F;0;0;0;0;0;0;0;0;0;0;0;0;0;0
F;0;0;1;0;0;1;1;1;0;0;2;3;0;0
T;0;0;6;0;0;0;79;79;5;0;1;0;0;0
F;0;0;1;0;0;0;0;0;0;0;1;0;0;0
F;0;0;0;0;0;0;0;0;0;0;0;0;0;0
T;0;0;14;0;3;7;10;10;5;0;18;17;7;1
T;0;0;10;0;11;26;49;49;3;9;8;3;0;5
T;0;1;0;0;0;0;17;17;3;0;11;1;0;0
T;1;2;4;0;1;9;24;24;4;1;5;3;1;0
F;0;0;0;0;0;0;0;0;0;0;0;0;0;0
F;0;0;0;0;0;0;20;20;0;0;39;11;10;0
F;1;1;4;0;1;8;2;2;2;0;9;0;0;1
F;0;1;18;0;40;117;26;26;1;52;40;4;0;1
F;0;0;6;0;2;11;13;13;2;5;5;2;0;0
F;0;0;0;0;0;0;0;0;0;0;0;0;0;0
F;0;0;3;0;1;7;3;3;1;3;7;0;0;0
T;0;0;0;1;0;0;14;14;6;0;0;1;0;0
F;0;0;1;0;0;0;0;0;0;0;0;0;0;0
F;0;2;3;0;1;8;71;71;5;5;5;3;0;1
F;0;0;0;0;0;0;7;7;0;0;0;0;0;0
F;0;0;0;0;0;0;0;0;0;0;0;0;0;0
T;0;0;11;0;10;25;19;19;0;7;17;1;0;0
T;1;0;31;3;69;86;15;15;1;51;37;4;0;3
T;1;0;13;1;9;21;55;55;0;6;33;1;1;2
T;0;0;53;1;28;413;21;21;0;141;128;8;3;12
T;1;0;0;0;0;0;26;26;2;0;6;0;0;0
T;1;0;0;1;0;0;9;9;0;0;0;2;1;0
F;0;0;3;0;2;3;6;6;1;0;9;1;0;1
F;0;0;2;0;1;6;15;14;4;3;5;1;0;1
T;0;1;6;1;3;588;27;27;4;4;2;5;4;0
F;0;0;10;0;11;162;4;4;0;13;3;0;0;1
F;0;0;0;0;0;0;2;2;0;0;1;2;1;0
F;0;0;0;0;0;0;0;0;0;0;0;0;0;0
F;0;0;0;0;0;0;0;0;0;0;0;0;0;0
T;0;0;5;1;2;32;7;7;5;0;4;4;1;2
T;0;0;15;1;13;930;31;31;6;12;35;2;0;6
T;0;0;5;1;7;15;22;22;4;11;0;1;0;5
T;0;0;8;1;5;14;33;33;2;4;24;5;3;0
F;0;0;0;0;0;0;0;0;0;0;0;0;0;0
T;0;0;2;1;11;26;72;72;0;17;9;0;0;1
F;0;0;0;0;0;0;0;0;0;0;0;0;0;0
T;0;0;2;3;4;7;14;14;2;4;0;7;5;2
F;0;0;0;0;0;0;2;2;1;0;0;0;0;0
T;0;1;0;0;0;0;17;17;1;0;5;0;0;0
F;0;0;3;0;1;5;6;6;1;2;2;0;0;0
T;0;0;0;1;0;0;11;11;6;0;1;0;0;0
T;1;0;2;6;0;0;63;63;4;0;40;2;2;0
F;0;0;0;0;0;0;0;0;0;0;0;0;0;0
F;0;0;0;0;0;0;0;0;0;0;0;0;0;0
F;0;0;0;0;0;0;2;2;0;0;0;0;0;0
T;0;0;0;0;0;0;9;9;1;0;0;0;0;0
T;0;0;1;1;0;0;24;24;0;0;13;1;0;0
T;0;0;18;0;17;56;35;35;5;35;14;6;4;9
F;0;0;3;0;12;11;8;8;1;4;0;0;0;1
F;0;0;0;0;0;0;6;6;0;0;0;0;0;0
T;0;1;5;0;2;2;14;14;3;3;17;1;0;1
F;0;0;1;0;1;2;3;3;0;0;0;0;0;0
F;0;0;2;3;1;6;29;29;3;4;13;5;2;1
F;0;0;9;0;7;15;5;5;1;3;4;1;1;2
T;0;0;7;1;0;0;78;78;1;0;31;2;1;0
T;0;0;11;0;3;8;17;17;1;0;7;2;0;2
F;0;0;3;0;2;2;0;0;0;0;3;0;0;1
F;0;0;1;0;0;0;3;3;2;0;0;0;0;0
F;0;0;0;0;0;0;0;0;0;0;0;0;0;0
F;0;1;1;0;1;1;4;4;2;0;0;0;0;0
T;0;0;13;1;10;21;35;35;9;2;8;10;5;5
T;0;1;0;3;0;0;36;36;0;0;7;1;0;0
T;0;0;2;1;0;2;29;29;2;1;14;2;1;0
T;1;0;17;2;22;48;25;25;2;18;84;17;1;4
F;0;0;1;0;0;0;0;0;0;0;0;0;0;0
T;0;1;12;3;4;41;94;94;8;35;31;0;1;2
F;0;0;2;0;2;2;0;0;0;0;3;1;0;0
F;0;0;0;0;0;0;0;0;0;0;0;0;0;0
F;0;0;0;0;0;0;8;8;0;0;3;1;0;0
T;0;0;0;0;0;0;35;35;3;0;0;1;0;0
F;0;1;2;0;0;1;18;18;2;0;0;0;0;0
F;0;0;1;0;0;0;6;6;2;0;1;0;0;0
T;0;0;11;1;7;22;32;32;10;0;7;2;0;3
T;0;0;10;1;7;31;14;14;2;14;8;3;2;2
F;0;1;0;0;0;0;6;6;0;0;0;0;0;0
F;0;0;0;0;0;0;0;0;0;0;0;0;0;0
T;0;0;5;1;3;6;43;43;6;0;18;6;3;0
F;0;0;0;0;0;0;1;1;0;0;2;0;0;0
T;0;0;15;1;17;35;11;11;8;8;27;8;2;5
F;0;0;4;0;3;7;3;3;2;4;13;3;1;2
T;2;2;1;0;0;0;19;19;6;0;7;6;7;0
F;0;0;5;0;3;4;11;11;2;1;15;1;0;2
T;0;0;4;1;0;0;25;25;6;0;7;0;1;0
F;0;0;0;0;0;0;4;4;0;0;2;0;0;0
F;0;0;8;0;7;10;13;13;0;7;33;2;0;0
F;0;0;1;0;0;0;0;0;0;0;0;0;0;0
T;0;1;1;1;2;2;34;34;7;0;11;3;1;1
F;0;0;0;0;0;0;0;0;0;0;0;0;0;0
F;0;0;0;0;0;0;0;0;0;0;0;0;0;0
F;0;0;4;0;0;2;11;11;4;0;0;0;0;0
T;0;0;10;0;5;27;23;23;2;17;10;2;0;1
F;0;0;0;0;0;0;0;0;0;0;0;0;0;0
F;0;0;1;0;1;2;5;5;1;0;0;0;0;0
F;0;0;0;0;0;0;0;0;0;0;0;0;0;0
F;0;0;0;0;0;0;0;0;0;0;0;0;0;0
T;6;1;1;0;0;0;16;15;5;0;32;1;0;0
T;0;0;5;2;3;6;15;15;7;0;8;3;0;3
T;0;0;1;1;1;13;38;38;4;0;0;1;0;1
F;0;0;1;0;0;1;0;0;0;0;1;0;0;0
F;1;0;1;0;0;0;0;0;0;0;5;0;0;0
T;0;0;2;1;4;6;17;17;1;1;1;1;0;0
F;0;1;1;0;1;1;0;0;0;0;0;3;0;1
T;0;1;0;0;0;0;22;22;0;0;0;3;0;0
F;0;0;0;0;0;0;2;2;1;0;0;0;0;0
T;0;0;2;1;0;0;11;11;2;0;0;4;3;0
F;0;0;0;0;0;0;0;0;0;0;0;0;0;0
T;0;0;12;1;7;22;66;66;3;0;28;3;1;6
F;0;0;5;0;0;1;0;0;0;0;0;7;1;0
F;0;0;7;2;2;24;41;41;3;18;2;3;2;2
T;1;0;13;5;21;258;27;27;6;52;95;7;1;1
F;0;0;0;0;0;0;15;15;2;0;0;0;0;0
F;0;0;0;0;0;0;0;0;0;0;0;0;0;0
F;136;2;41;2;11;15;16;16;9;43;142;10;9;6
F;0;0;8;0;0;11;5;5;2;5;4;0;0;0
T;1;2;0;2;0;0;49;49;2;0;11;6;5;0
T;0;0;7;0;1;1;23;23;0;0;2;2;2;1
T;1;1;1;1;1;1;8;7;4;0;2;2;1;1
T;0;0;1;1;0;0;17;17;1;0;13;5;2;0
T;0;0;30;1;27;377;40;40;4;62;65;19;22;24
F;0;0;0;0;0;0;0;0;0;0;0;0;0;0
F;0;0;0;0;0;0;0;0;0;0;0;0;0;0
F;0;0;0;0;0;0;1;1;0;0;0;0;0;0
F;0;0;0;0;0;0;0;0;0;0;0;0;0;0
F;0;0;2;0;5;13;21;21;2;9;39;0;0;0
T;0;0;4;0;3;4;6;6;0;0;1;1;0;0
F;0;0;0;0;0;0;0;0;0;0;0;0;0;0
T;0;0;2;0;2;3;37;37;12;0;0;0;0;0
T;0;0;7;3;2;12;10;10;0;7;53;1;0;2
F;0;1;3;0;7;10;4;4;0;1;2;1;0;0
F;0;0;2;0;3;3;4;4;1;0;0;0;0;2
T;2;5;5;5;6;19;24;24;7;9;27;2;0;0
F;0;0;0;0;0;0;0;0;0;0;0;0;0;0
T;0;0;0;1;0;0;9;9;0;0;0;1;0;0
F;0;0;5;13;4;8;6;6;0;4;26;0;0;0
F;2;1;1;0;0;0;1;1;1;0;0;0;0;0
T;0;0;2;2;0;10;10;11;4;2;12;0;0;0
T;0;0;3;1;6;6;17;17;2;1;7;2;0;1
F;3;0;41;0;75;666;81;81;5;59;149;4;0;14
T;0;0;23;0;45;100;30;30;3;46;48;1;5;10
T;0;0;21;3;19;445;27;27;4;35;29;13;1;11
T;0;2;0;1;0;0;14;14;2;0;4;0;0;0
T;1;1;7;0;6;20;25;25;4;8;35;1;0;4
F;0;0;1;0;0;0;1;1;0;0;19;0;0;0
T;0;0;14;0;6;13;16;16;0;4;5;1;0;4
T;0;0;2;0;2;4;25;25;4;0;6;0;0;1
F;0;0;0;0;0;0;0;0;0;0;1;0;0;0
F;0;0;0;0;0;0;0;0;0;0;0;0;0;0
F;0;0;0;0;0;0;0;0;0;0;0;0;0;0
T;0;0;0;1;0;0;12;12;3;0;2;1;0;0
T;0;0;5;1;0;0;15;9;7;0;10;0;0;0
T;1;0;8;0;0;1;20;20;2;0;20;1;0;0
T;1;0;7;1;1;4;72;72;3;4;32;3;0;1
T;0;0;12;0;2;21;11;11;4;10;19;13;2;1
F;0;1;1;0;1;1;2;2;0;0;0;1;0;1
T;1;0;1;0;1;2;18;18;2;2;0;2;1;0
T;0;0;3;4;5;22;21;21;1;16;10;1;0;1
F;0;0;2;0;0;1;0;0;0;0;2;1;0;0
F;0;0;0;0;0;0;5;6;3;0;2;0;0;0
T;0;0;0;1;0;0;13;13;4;0;1;2;1;0
T;1;1;9;1;9;18;13;13;0;2;0;5;3;2
T;0;0;18;2;49;69;34;28;6;23;16;1;0;10
T;2;0;16;1;538;550;33;33;3;32;26;0;0;5
T;1;0;2;1;2;23;49;49;2;15;3;1;0;0
F;0;0;0;0;0;0;0;0;0;0;0;0;0;0
F;0;1;0;0;0;0;0;0;0;0;0;0;0;0
F;2;0;0;0;0;0;23;23;1;0;28;2;1;0
T;0;0;8;0;2;4;12;12;1;1;5;2;1;1
T;0;0;0;6;0;0;12;12;5;0;1;1;1;0
T;1;0;11;1;6;12;11;10;0;2;11;2;1;2
T;0;0;21;0;18;35;35;35;4;15;58;1;0;3
F;0;0;3;0;2;3;13;13;5;0;4;1;0;1
T;0;0;1;1;0;0;12;12;2;0;9;0;0;0
T;0;0;5;1;0;0;51;51;3;0;16;0;1;0
F;0;0;1;0;0;0;6;6;1;0;0;1;0;0
T;0;1;0;0;0;0;20;20;3;0;7;1;1;0
F;0;0;0;0;0;0;14;14;0;0;0;0;0;0
F;0;0;0;0;0;0;0;0;0;0;0;0;0;0
T;0;2;25;1;25;113;23;23;2;17;29;13;3;10
F;0;0;4;0;0;1;0;0;0;0;0;1;0;0
F;0;0;0;0;0;0;0;0;0;0;0;0;0;0
F;0;0;7;0;4;5;12;12;3;0;2;5;0;3
T;0;1;13;1;7;72;35;35;3;15;12;1;2;1
T;0;0;9;4;7;13;34;34;1;0;25;0;0;1
F;0;0;0;0;0;0;7;7;0;0;0;0;0;0
F;0;1;8;0;3;15;4;4;3;0;15;0;0;1
T;0;0;18;1;4;28;43;43;2;10;7;13;5;3
F;0;0;1;0;0;0;2;2;0;0;5;0;0;0
F;0;0;2;0;1;2;6;6;0;0;1;0;0;1
F;0;0;0;0;0;0;0;0;0;0;0;0;0;0
T;0;1;0;1;0;0;24;24;0;0;0;5;2;0
T;0;0;5;0;1;4;14;12;18;0;2;3;0;0
T;0;0;6;0;3;11;13;13;5;4;6;0;0;3
F;0;0;0;0;0;0;0;0;0;0;0;0;0;0
F;0;0;0;0;0;0;2;2;0;0;6;0;0;0
T;0;0;19;1;19;1711;58;58;3;24;34;0;0;5
F;0;0;1;0;0;0;0;0;0;0;0;0;0;0
F;0;0;3;0;2;5;5;5;0;0;1;0;0;0
F;0;0;14;0;13;42;24;20;0;9;25;9;3;2
T;1;0;27;1;9;59;11;11;0;48;8;12;7;3
F;0;0;2;0;0;3;7;7;0;1;1;0;0;0
T;0;0;16;1;15;128;14;14;0;0;19;21;1;5
T;0;0;1;1;0;1;7;7;3;0;0;1;0;0
F;0;0;4;0;7;11;6;6;0;2;19;1;0;0
T;0;1;16;1;2;21;14;14;5;11;7;6;2;1
F;0;0;2;0;2;5;9;9;3;0;7;1;0;1
T;0;1;40;1;51;296;23;23;10;136;110;14;7;13
F;0;0;1;0;0;1;4;4;0;0;0;0;0;0
T;0;1;28;1;40;279;24;24;2;48;2;2;0;9
T;1;1;10;4;3;21;71;71;2;10;8;3;2;1
F;0;0;0;0;0;0;0;0;0;0;0;0;0;0
F;0;0;0;0;0;0;1;1;0;0;0;0;0;0
T;0;0;2;0;2;3;12;12;1;0;130;15;4;1
F;0;0;2;0;1;2;1;1;0;1;9;0;0;1
F;0;0;0;0;0;0;0;0;0;0;0;0;0;0
F;0;0;0;0;0;0;0;0;0;0;0;0;0;0
F;0;0;0;0;0;0;0;0;0;0;0;0;0;0
T;0;0;8;1;23;101;18;18;0;81;4;2;0;1
F;1;0;1;0;1;1;0;0;0;0;1;0;0;1
F;0;0;0;0;0;0;0;0;0;0;0;0;0;0
F;1;0;2;0;1;1;2;2;1;0;6;0;0;1
F;0;0;6;1;2;3;9;9;0;0;33;4;0;1
F;0;0;2;0;1;2;16;16;0;0;4;0;0;1
T;0;0;0;0;0;0;17;17;2;0;16;0;0;0
T;0;0;1;0;0;1;73;72;2;0;28;0;0;0
T;0;0;16;1;1;179;71;71;3;3;25;2;1;0
F;0;0;2;0;0;2;4;4;2;0;10;0;0;0
F;0;0;0;0;0;0;0;0;0;0;0;0;0;0
T;0;1;0;1;0;0;36;32;5;0;7;2;1;0
F;0;0;0;0;0;0;16;16;3;0;1;0;0;0
T;1;0;1;0;0;0;69;69;5;0;13;2;0;0
F;0;0;0;0;0;0;0;0;0;0;0;0;0;0
T;0;0;20;5;47;91;24;24;1;41;65;3;1;10
F;0;0;12;0;5;16;42;42;3;6;9;2;0;2
T;1;0;9;3;2;5;72;72;5;1;22;6;1;1
T;0;0;29;1;25;318;33;33;3;17;42;6;5;7
F;0;0;2;0;1;1;0;0;0;0;0;0;0;1
T;0;1;12;0;3;30;46;46;1;21;19;0;0;0
F;0;0;0;0;0;0;0;0;0;0;0;0;0;0
T;1;0;13;1;12;18;10;10;4;2;24;7;4;9
T;1;1;11;1;115;644;60;60;2;70;15;0;1;1
F;0;0;1;0;1;1;4;4;1;0;2;0;0;0
F;0;0;1;0;0;0;0;0;0;0;0;0;0;0
T;0;0;11;0;5;368;70;70;1;4;5;11;1;2
F;0;0;0;0;0;0;0;0;0;0;0;0;0;0
T;1;4;24;1;20;80;48;48;6;15;28;3;1;10
F;0;0;0;0;0;0;15;15;0;0;1;1;0;0
T;1;1;3;0;5;10;12;12;9;4;2;2;0;2
T;1;1;19;0;31;277;8;8;0;54;43;5;1;6
F;0;0;1;0;0;0;1;1;0;0;1;0;0;0
F;0;1;1;0;0;22;2;2;1;0;5;0;0;0
F;0;0;11;0;6;20;6;6;3;0;9;0;0;5
T;0;0;9;1;2;18;139;139;7;14;9;24;5;1
F;0;0;0;0;0;0;4;4;2;0;1;3;0;0
T;2;0;53;4;511;742;38;38;6;253;24;3;2;41
T;0;1;2;2;2;2;12;12;0;0;1;1;0;1
T;0;0;3;1;14;32;12;12;2;22;7;6;0;0
F;0;0;6;0;8;10;5;5;0;9;8;0;0;2
T;0;0;0;1;0;0;19;19;1;0;0;1;0;0
T;0;0;13;2;6;7;52;52;1;6;41;1;0;3
T;1;0;45;1;260;724;8;8;0;267;73;8;1;6
T;0;0;19;1;16;30;17;17;0;4;8;4;1;8
F;1;0;0;0;0;0;0;0;0;0;0;0;0;0
T;1;2;20;1;17;40;8;8;0;23;51;7;4;2
T;0;0;9;0;1;3;29;29;0;0;2;1;1;1
F;0;0;4;0;6;26;15;15;0;19;7;0;0;0
T;0;0;7;0;6;24;12;12;1;6;7;5;0;5
T;0;0;16;0;12;495;84;85;8;48;8;2;0;3
T;0;3;8;2;3;9;32;32;0;9;12;2;1;0
F;0;0;0;0;0;0;0;0;0;0;0;0;0;0
T;0;0;7;1;8;18;35;35;1;6;6;1;0;8
T;0;1;9;0;9;23;27;27;1;13;41;0;0;4
F;0;0;1;0;0;0;0;0;0;0;1;0;0;0
F;0;0;1;0;0;0;0;0;0;0;0;0;0;0
T;1;1;12;1;13;20;10;10;2;4;4;1;0;3
F;0;0;12;0;4;10;46;46;3;2;15;8;5;2
F;0;0;0;0;0;0;0;0;0;0;0;0;0;0
T;11;9;75;5;51;193;178;178;0;104;89;7;4;38
T;0;0;4;1;13;26;22;22;1;1;71;2;0;1
F;1;1;1;0;1;1;0;0;0;0;5;0;0;1
F;0;0;0;0;0;0;0;0;0;0;0;0;0;0
F;0;0;3;0;1;5;4;3;1;1;1;0;0;1
F;0;0;9;0;36;770;7;7;3;21;3;0;0;3
T;1;0;9;2;56;77;29;29;17;26;7;9;4;2
T;2;1;33;1;25;608;29;29;5;42;57;3;0;9
F;0;0;8;0;8;24;8;8;4;16;7;1;0;2
F;0;1;12;0;1;15;13;13;1;6;5;1;0;0
F;0;0;7;0;3;20;10;10;2;12;23;0;0;1
F;0;0;3;0;2;17;39;39;1;14;13;1;1;1
F;0;0;2;0;1;1;2;2;1;0;0;2;0;1
T;2;2;18;1;46;118;28;28;6;90;24;4;1;4
T;0;0;5;1;4;11;44;44;5;11;7;2;0;0
T;1;0;1;0;3;4;9;9;1;0;5;0;0;0
F;0;0;0;0;0;0;0;0;0;0;0;0;0;0
F;0;0;0;0;0;0;0;0;0;0;0;0;0;0
F;0;0;0;0;0;0;0;0;0;0;0;0;0;0
F;0;0;2;0;1;5;1;1;0;4;0;1;0;0
T;0;0;2;0;0;0;21;21;3;0;5;0;0;0
F;0;0;4;0;3;4;3;3;0;0;5;0;0;1
F;0;0;0;0;0;0;0;0;0;0;0;0;0;0
F;0;0;3;0;0;0;0;0;0;0;0;0;0;0
F;0;0;0;0;0;0;0;0;0;0;0;0;0;0
T;0;1;8;1;30;46;15;15;0;20;6;2;0;3
F;0;0;3;0;2;2;1;1;0;1;47;0;0;2
F;1;0;3;0;2;13;1;1;1;5;0;0;0;1
T;1;1;19;1;8;10;23;20;2;3;46;8;3;5
F;0;0;2;0;1;3;12;12;0;0;2;0;0;1
T;1;0;15;1;13;1209;41;40;1;8;35;6;0;1
T;0;0;9;1;14;32;27;27;0;12;33;0;0;1
F;0;0;2;0;0;0;0;0;0;0;5;0;0;0
F;0;0;0;0;0;0;0;0;0;0;5;0;0;0
T;0;0;4;0;3;8;10;10;6;0;5;0;0;2
T;0;1;10;0;19;71;25;25;9;11;15;8;0;5
F;0;0;6;0;8;12;4;4;0;0;14;5;0;3
F;0;1;2;0;3;30;5;5;2;26;0;1;0;0
F;0;0;1;0;0;1;2;2;0;0;2;0;0;0
F;0;0;0;0;0;0;0;0;0;0;0;0;0;0
F;0;0;1;0;0;0;4;4;0;0;0;1;0;0
F;0;0;2;0;0;2;6;6;1;0;3;0;0;0
T;0;0;18;0;16;71;10;10;1;7;13;4;1;10
F;0;0;3;0;1;2;8;8;0;0;0;0;0;1
F;0;0;0;0;0;0;0;0;0;0;0;0;0;0
T;0;0;2;0;1;1;9;9;0;0;0;0;0;0
T;0;0;30;1;17;713;42;42;6;33;49;25;11;9
F;0;0;6;0;2;4;42;42;9;0;1;3;1;1
F;0;0;0;0;0;0;2;2;2;0;0;0;0;0
F;0;0;2;0;1;2;2;2;0;0;1;0;0;0
T;1;0;3;0;4;24;14;14;2;0;2;0;0;1
F;0;0;1;0;1;1;0;0;0;0;4;0;0;1
T;0;0;0;1;0;0;85;85;1;0;0;1;0;0
T;1;0;17;2;12;23;48;48;3;5;23;3;2;4
T;0;0;38;1;26;1616;27;27;3;89;43;1;0;17
T;0;0;8;2;4;11;45;45;2;4;3;5;2;3
T;0;1;4;1;2;14;9;9;0;6;1;4;1;1
F;0;0;3;0;3;5;1;1;0;2;3;1;0;1
F;0;0;0;0;0;0;1;1;0;0;0;0;0;0
F;0;0;0;0;0;0;2;2;0;0;0;0;0;0
F;0;0;1;0;0;0;5;5;2;0;0;0;0;0
T;0;2;4;0;2;3;25;25;3;1;18;0;0;0
T;0;0;1;1;0;0;33;33;4;0;16;6;1;0
F;1;0;1;0;0;1;3;3;1;0;0;0;0;0
F;0;0;0;0;0;0;0;0;0;0;6;0;0;0
T;0;0;3;0;1;2;8;8;2;0;4;0;0;1
F;0;0;7;0;4;11;13;13;4;2;21;0;0;2
F;0;0;8;0;58;68;10;10;3;16;4;0;0;3
T;0;1;12;2;14;38;20;20;5;19;50;3;2;4
F;0;0;0;0;0;0;0;0;0;0;0;0;0;0
T;0;0;9;1;2;6;18;18;11;2;6;0;0;2
T;0;0;3;0;0;1;7;7;3;0;6;0;0;0
F;0;0;2;0;2;4;1;1;1;0;0;0;0;2
F;0;0;0;0;0;0;0;0;0;0;0;0;0;0
F;0;0;14;0;12;19;20;20;2;8;39;3;4;2
T;0;1;12;2;9;680;32;32;0;20;13;8;2;2
T;0;0;2;2;0;0;18;18;2;0;2;3;0;0
F;0;0;2;0;0;0;0;0;0;0;0;0;0;0
T;0;0;27;1;10;28;26;26;2;1;98;7;1;8
F;0;0;0;0;0;0;1;1;0;0;0;0;0;0
T;0;0;9;0;5;14;23;23;3;3;3;1;0;3
T;0;0;0;1;0;0;10;10;0;0;1;0;0;0
T;0;1;10;2;4;23;25;25;1;11;28;5;4;1
F;0;0;0;0;0;0;0;0;0;0;0;0;0;0
T;0;1;15;0;28;279;14;14;6;29;1;2;1;1
F;0;0;2;0;0;1;11;11;4;0;6;1;0;0
F;0;0;0;0;0;0;0;0;0;0;0;0;0;0
F;0;0;8;0;11;58;4;4;2;7;0;0;0;4
F;0;0;0;0;0;0;0;0;0;0;0;0;0;0
T;0;1;4;0;0;4;16;16;7;1;3;2;1;0
T;0;0;6;0;0;4;35;35;0;1;17;2;0;0
T;1;0;5;2;8;8;62;62;3;0;11;1;1;2
T;0;0;25;4;18;51;89;89;1;24;44;15;2;6
F;0;0;2;0;3;7;2;2;0;1;0;2;0;2
F;0;0;0;0;0;0;0;0;0;0;0;0;0;0
F;0;0;6;0;8;13;13;13;6;4;5;1;0;3
F;0;1;1;0;0;1;5;5;1;0;3;1;0;0
F;0;0;0;0;0;0;0;0;0;0;0;0;0;0
F;0;0;0;0;0;0;0;0;0;0;0;0;0;0
T;0;0;3;1;0;0;11;11;4;0;23;3;1;0
T;0;0;5;0;1;2;29;29;2;0;5;0;0;1
T;0;0;7;0;18;43;56;56;9;24;3;2;0;7
T;0;0;25;0;28;1148;29;29;0;64;29;1;0;2
F;0;1;7;0;3;6;7;7;3;0;2;0;0;3
T;0;0;0;1;0;0;18;18;0;0;1;0;0;0
F;0;1;4;0;3;7;0;0;0;3;7;2;1;2
F;0;0;18;0;8;10;8;8;1;0;28;0;0;4
T;1;0;16;1;38;50;36;36;3;7;74;7;1;5
F;0;0;0;0;0;0;0;0;0;0;0;0;0;0
F;0;0;3;0;4;28;4;4;0;27;5;2;0;1
F;0;0;0;0;0;0;0;0;0;0;1;0;0;0
F;0;0;0;0;0;0;0;0;0;0;0;0;0;0
F;0;0;26;0;0;0;0;0;0;0;0;9;3;0
T;1;1;29;3;75;92;90;90;3;17;22;5;3;3
T;0;0;0;1;0;0;17;17;4;0;2;2;1;0
F;0;0;1;0;5;6;1;1;0;0;0;1;0;0
T;0;0;30;1;42;63;36;36;0;12;50;0;1;7
F;3;0;4;0;2;6;12;12;1;3;16;2;0;0
T;0;1;3;3;0;1;7;8;2;0;4;2;1;0
F;0;0;2;0;2;3;2;2;0;0;11;0;0;0
F;0;0;0;0;0;0;0;0;0;0;0;0;0;0
F;0;0;0;0;0;0;0;0;0;0;0;0;0;0
F;0;0;0;0;0;0;0;0;0;0;0;0;0;0
T;1;0;4;1;0;0;20;20;1;0;3;0;0;0
T;0;0;2;1;0;4;36;34;0;0;3;2;1;0
F;0;0;0;0;0;0;0;0;0;0;0;0;0;0
F;0;0;6;0;8;16;2;2;0;8;15;0;0;3
T;0;0;13;0;2;18;7;7;0;10;3;0;0;1
T;0;1;22;1;30;62;22;22;3;25;17;3;0;4
F;0;0;0;0;0;0;1;1;1;0;1;0;0;0
F;0;0;0;0;0;0;0;0;0;0;0;0;0;0
T;0;0;0;0;0;0;6;6;3;0;0;1;0;0
F;0;0;2;0;0;3;2;2;1;1;6;0;0;0
F;0;0;1;0;0;2;7;7;1;0;10;0;0;0
F;0;0;1;0;0;0;0;0;0;0;0;0;0;0
T;0;1;7;2;70;96;30;30;1;33;66;6;5;2
F;0;0;5;0;3;8;6;6;2;2;8;1;1;0
F;0;0;0;0;0;0;0;0;0;0;0;0;0;0
F;0;0;0;0;0;0;7;7;0;0;5;0;0;0
F;0;0;0;0;0;0;0;0;0;0;0;0;0;0
T;0;1;9;0;13;18;18;18;0;1;1;2;1;3
F;0;0;0;0;0;0;0;0;0;0;0;0;0;0
F;0;0;0;0;0;0;0;0;0;0;0;0;0;0
F;1;0;2;0;1;6;8;8;0;4;0;1;0;0
F;0;0;0;0;0;0;0;0;0;0;0;0;0;0
F;0;0;0;0;0;0;0;0;0;0;0;0;0;0
F;0;0;1;0;0;0;3;3;0;0;3;1;0;0
T;0;0;24;0;30;68;32;32;3;44;62;4;2;5
F;0;1;44;0;2;26;0;0;2;3;85;0;0;2
F;1;0;0;0;0;0;0;0;0;0;0;0;0;0
F;0;0;0;0;0;0;0;0;0;0;0;0;0;0
T;0;1;22;2;34;54;11;11;1;5;38;8;5;12
F;0;0;0;0;0;0;0;0;0;0;0;0;0;0
T;0;1;9;0;32;58;38;38;0;31;3;0;0;8
T;0;0;2;2;0;2;26;26;1;0;2;9;2;0
T;0;0;20;4;22;36;25;25;3;8;63;8;1;5
F;0;0;0;0;0;0;0;0;0;0;0;0;0;0
T;0;0;33;1;25;477;41;41;1;45;55;11;2;8
F;0;0;1;0;1;1;0;0;0;0;0;0;0;0
T;3;2;20;1;33;92;36;36;7;31;17;1;1;13
T;0;0;2;0;0;0;9;9;0;0;0;0;0;0
F;0;0;0;0;0;0;0;0;0;0;0;0;0;0
F;0;0;0;0;0;0;0;0;0;0;0;0;0;0
F;0;1;3;0;8;19;12;12;7;11;0;0;0;0
T;0;0;23;0;34;68;92;91;6;38;61;1;0;7
T;0;0;1;1;0;22;9;9;1;1;4;2;0;0
F;0;1;22;0;23;37;15;15;2;9;19;1;0;2
F;0;0;0;0;0;0;0;0;0;0;0;0;0;0
F;0;0;0;0;0;0;0;0;0;0;0;0;0;0
T;0;0;0;1;0;0;10;10;0;0;0;2;1;0
T;0;0;33;1;29;94;26;26;0;56;79;4;1;2
T;0;1;4;0;1;4;15;15;5;0;2;1;0;0
T;1;1;2;0;0;1;15;15;7;0;11;5;0;0
F;0;0;0;0;0;0;0;0;0;0;0;0;0;0
F;1;1;4;1;1;2;18;18;5;0;17;0;1;0
T;1;2;17;1;5;16;38;38;3;5;33;0;3;1
T;0;0;2;3;8;12;31;31;0;5;1;3;1;2
T;0;0;4;1;1;62;38;38;3;7;10;0;0;0
F;0;0;4;0;0;1;3;3;0;0;4;0;0;0
F;0;0;0;0;0;0;0;0;0;0;0;0;0;0
F;0;0;0;0;0;0;0;0;0;0;0;0;0;0
T;0;0;19;0;13;46;39;39;0;25;75;4;4;2
F;0;0;0;0;0;0;19;19;0;0;0;0;0;0
F;0;0;0;0;0;0;4;4;2;0;0;0;0;0
F;0;0;0;0;0;0;0;0;0;0;0;0;0;0
F;1;0;3;0;1;3;6;6;2;1;1;1;0;1
T;0;0;12;0;3;10;65;65;1;4;5;1;0;2
T;0;0;8;1;20;40;24;24;6;22;15;3;3;6
F;0;0;2;0;0;1;16;16;3;0;1;1;0;0
F;0;0;0;0;0;0;0;0;0;0;0;0;0;0
T;0;0;5;1;14;15;10;10;0;7;19;0;0;0
F;0;0;0;0;0;0;0;0;0;0;0;0;0;0
F;0;0;7;0;7;30;5;5;1;23;0;1;0;2
T;0;0;12;1;3;6;15;15;0;1;11;1;0;1
T;0;0;11;1;10;46;36;36;0;35;41;1;1;2
F;0;0;0;0;0;0;0;0;0;0;0;0;0;0
F;0;0;2;0;1;8;33;33;11;6;1;15;5;0
F;0;0;1;0;1;2;8;8;3;0;17;0;0;0
T;1;0;23;1;64;91;50;50;0;23;23;2;0;7
F;0;0;0;0;0;0;0;0;0;0;0;0;0;0
F;0;0;0;0;0;0;0;0;0;0;0;0;0;0
T;0;0;0;0;0;0;9;9;4;0;0;0;0;0
T;0;0;8;0;3;6;16;16;6;0;1;1;0;3
T;0;0;2;0;0;1;29;29;0;0;3;0;0;0
T;0;0;0;1;0;0;52;52;3;0;0;1;0;0
T;0;0;18;0;5;60;45;45;3;54;1;10;5;0
F;0;0;0;0;0;0;8;4;1;0;0;4;2;0
F;1;0;3;0;1;3;8;8;1;1;6;0;0;0
F;0;0;0;0;0;0;0;0;0;0;0;0;0;0
T;0;0;7;1;4;21;9;9;0;2;19;0;0;1
F;0;0;8;0;27;48;53;53;8;19;5;0;0;11
F;0;0;0;0;0;0;5;5;2;0;12;0;0;0
T;1;1;16;1;35;101;44;43;5;15;28;0;0;4
F;0;0;5;0;0;0;0;0;0;0;5;0;0;0
F;0;1;1;0;3;4;18;18;2;0;2;0;0;0
T;0;0;11;1;31;77;29;29;9;52;8;2;0;2
F;0;0;1;0;0;0;42;42;1;0;0;2;2;0
F;0;0;15;0;4;39;51;48;2;29;9;4;1;2
T;0;1;3;1;4;7;44;44;1;4;0;1;0;0
F;0;0;0;0;0;0;0;0;0;0;0;0;0;0
F;0;0;0;0;0;0;0;0;0;0;0;0;0;0
T;0;0;1;0;0;0;29;28;2;0;1;1;0;0
F;0;1;1;0;1;1;22;22;3;0;0;0;0;0
F;1;0;0;0;0;0;10;10;0;0;3;0;0;0
T;0;0;30;0;16;35;7;7;7;7;46;2;1;14
T;2;0;25;3;8;57;16;13;0;40;64;14;11;4
T;0;0;1;1;0;0;9;9;2;0;2;0;0;0
F;0;0;0;0;0;0;0;0;0;0;0;0;0;0
F;0;0;1;0;0;0;0;0;0;0;0;0;0;0
T;2;6;39;2;315;401;54;54;1;75;48;20;4;5
T;0;1;6;0;2;2;10;10;0;1;6;1;0;1
F;0;0;1;0;0;0;0;0;0;0;0;0;0;0
F;0;0;0;0;0;0;0;0;0;0;0;0;0;0
T;0;0;12;0;2;11;24;24;2;56;1;14;1;1
T;0;1;24;0;21;29;7;7;0;0;35;4;1;7
F;0;0;0;0;0;0;0;0;0;0;2;0;0;0
F;0;1;0;0;0;0;0;0;0;0;0;0;0;0
T;0;1;11;0;10;25;16;16;7;38;7;3;1;8
F;0;1;1;0;2;3;0;0;0;1;7;2;0;0
F;0;0;0;0;0;0;0;0;0;0;1;0;0;0
F;0;0;2;0;2;10;7;7;1;7;1;0;0;0
F;0;0;0;0;0;0;0;0;0;0;0;0;0;0
F;0;0;3;0;3;4;1;1;0;0;2;2;0;0
F;0;0;0;0;0;0;0;0;0;0;0;0;0;0
F;0;0;0;0;0;0;0;0;0;0;0;0;0;0
F;0;0;1;0;0;1;1;1;1;0;2;1;0;0
T;0;0;9;0;16;8566;19;19;5;70;3;0;0;4
F;1;0;2;0;1;4;3;3;0;0;1;1;0;1
T;0;0;5;1;1;2;21;21;1;0;2;2;1;0
T;1;1;13;1;2;6;6;6;1;1;29;1;1;2
F;0;0;0;0;0;0;15;15;1;0;1;0;0;0
T;0;0;6;2;3;3;48;48;0;0;51;5;1;0
T;0;0;2;0;4;16;36;36;7;11;0;12;2;0
F;0;0;2;0;0;2;6;6;2;0;1;1;0;0
T;0;0;2;0;3;3;13;13;5;0;10;1;0;0
T;0;1;15;1;166;341;10;10;5;76;0;3;0;0
T;0;0;0;3;0;0;20;20;8;0;6;2;0;0
F;0;0;1;0;2;2;0;0;0;0;1;0;0;0
T;0;0;4;1;1;1;7;7;3;0;7;5;1;1
F;0;0;1;0;0;0;0;0;0;0;0;0;0;0
F;0;0;1;0;2;2;3;3;1;0;2;0;0;0
F;0;0;0;0;0;0;0;0;0;0;0;0;0;0
T;0;0;0;0;0;0;13;13;7;0;1;1;1;0
F;0;0;0;0;0;0;0;0;0;0;0;0;0;0
F;0;0;1;0;1;1;0;0;0;0;0;0;0;1
F;0;0;0;0;0;0;0;0;0;0;0;0;0;0
T;1;3;16;1;16;34;102;102;4;15;32;2;1;5
F;0;0;0;0;0;0;0;0;0;0;0;0;0;0
T;0;1;7;0;15;139;37;37;1;9;15;4;3;1
F;0;0;0;0;0;0;0;0;0;0;0;0;0;0
F;0;0;2;0;2;3;0;0;0;0;1;0;0;0
T;0;2;16;0;92;221;24;24;8;73;35;1;0;4
T;0;1;10;1;128;164;18;18;0;58;24;1;0;2
F;0;1;4;0;9;4399;18;18;3;22;7;0;0;2
T;0;0;3;1;0;2;7;7;4;0;5;1;0;0
F;0;0;0;0;0;0;0;0;0;0;0;0;0;0
F;0;0;3;0;3;14;7;7;1;7;26;0;0;1
F;0;0;3;0;2;7;9;9;2;4;27;0;0;0
F;0;0;0;1;0;0;34;34;1;0;11;3;1;0
F;0;0;2;0;0;0;2;2;3;0;0;0;0;0
F;2;1;4;0;5;6;1;1;1;0;0;3;1;1
T;0;0;18;1;60;422;31;31;3;21;26;4;2;5
T;1;0;17;1;170;178;23;23;6;200;61;14;9;4
F;0;0;0;0;0;0;0;0;0;0;0;0;0;0
F;0;0;0;0;0;0;1;1;1;0;0;0;0;0
F;0;0;14;0;7;39;14;14;1;25;43;7;2;5
F;0;0;0;0;0;0;50;50;0;0;0;0;0;0
T;1;0;5;0;1;5;22;22;2;0;1;0;0;1
F;0;0;3;0;0;0;11;11;1;0;2;1;1;0
T;0;0;11;0;9;84;6;6;6;7;0;0;0;8
F;0;0;1;0;0;0;8;8;1;0;8;0;0;0
F;0;0;0;0;0;0;3;3;1;0;0;0;0;0
F;0;0;1;0;1;2;0;0;0;0;5;0;0;0
F;0;0;0;0;0;0;3;3;2;0;0;0;0;0
F;0;0;0;0;0;0;0;0;0;0;0;0;0;0
T;0;0;19;1;15;35;8;8;6;13;6;1;0;7
F;0;0;2;0;0;0;4;4;1;0;10;0;0;0
F;0;0;0;0;0;0;2;2;1;0;0;0;0;0
T;0;0;2;1;0;1;18;18;0;0;7;0;0;0
F;0;0;0;0;0;0;3;3;0;0;0;2;2;0
F;0;0;0;0;0;0;0;0;0;0;0;0;0;0
T;0;1;6;1;0;5;9;9;10;0;7;3;0;0
F;0;0;1;0;0;1;11;11;1;0;6;0;1;0
F;0;0;0;0;0;0;0;0;0;0;0;0;0;0
F;0;0;11;0;0;10;1;1;0;6;11;5;1;0
F;0;0;0;0;0;0;0;0;0;0;0;0;0;0
F;0;0;0;0;0;0;0;0;0;0;0;0;0;0
F;0;1;2;0;1;7;12;12;4;3;6;4;0;1
F;0;0;6;0;8;13;17;17;3;3;4;0;0;3
F;0;0;0;0;0;0;0;0;0;0;0;0;0;0
F;0;0;0;0;0;0;0;0;0;0;0;0;0;0
T;0;0;1;1;0;1;12;12;1;0;9;0;0;0
F;0;0;0;0;0;0;0;0;0;0;0;0;0;0
F;0;0;0;0;0;0;0;0;0;0;0;0;0;0
F;0;0;0;0;0;0;0;0;0;0;0;0;0;0
F;0;0;3;0;3;4;5;5;1;0;5;3;0;1
F;0;0;0;0;0;0;0;0;0;0;0;0;0;0
T;2;1;16;2;2;15;20;20;0;5;38;5;1;2
F;0;0;2;0;1;2;0;0;0;0;1;0;0;0
T;0;1;0;0;0;0;11;11;0;0;1;0;0;0
F;0;0;2;0;0;2;1;1;0;0;14;0;0;0
F;0;0;0;0;0;0;0;0;0;0;0;0;0;0
T;0;0;16;0;1;1;37;37;1;0;60;2;0;0
T;0;0;3;0;10;19;24;24;0;5;20;0;0;1
F;0;0;1;0;0;0;0;0;0;0;7;0;0;0
T;1;0;3;2;8;17;7;7;0;7;11;3;0;0
T;0;0;37;1;47;890;44;44;7;61;27;1;1;15
T;0;0;1;1;1;2;41;41;5;1;3;7;3;0
F;0;0;0;0;0;0;0;0;0;0;2;0;0;0
T;0;0;25;1;8;29;18;18;7;1;55;3;1;1
F;1;0;10;0;27;32;32;32;4;10;102;9;2;1
F;0;0;0;0;0;0;0;0;0;0;0;0;0;0
F;0;0;0;0;0;0;0;0;0;0;0;0;0;0
F;0;0;17;0;24;48;22;22;0;23;24;1;0;3
F;0;0;0;0;0;0;0;0;0;0;0;0;0;0
T;0;0;1;0;0;0;11;11;0;0;0;1;0;0
T;0;0;8;0;12;26;37;37;1;20;1;1;0;1
T;0;0;6;1;21;50;14;14;0;29;4;0;0;5
F;0;0;0;0;0;0;0;0;0;0;0;0;0;0
T;0;0;0;2;0;0;9;9;2;0;0;2;1;0
T;0;0;3;0;3;10;18;18;1;2;2;0;0;1
F;1;0;1;0;1;2;0;0;0;1;0;1;1;0
F;0;0;5;0;4;93;56;56;1;13;31;2;0;0
F;0;1;2;0;2;3;3;3;0;0;9;0;0;1
T;0;0;8;1;5;15;6;6;2;6;9;5;0;4
T;0;0;4;1;1;3;11;11;3;0;3;6;3;1
F;0;0;0;0;0;0;0;0;0;0;0;0;0;0
T;0;1;54;1;211;238;12;12;4;45;71;21;13;8
T;0;1;6;1;4;12;12;12;2;7;4;3;2;4
T;8;0;50;2;40;220;15;15;2;133;68;1;1;26
F;0;0;3;0;2;2;0;0;0;0;11;0;0;0
T;0;0;12;0;6;9;10;10;0;0;26;2;0;2
F;0;0;0;0;0;0;0;0;0;0;0;0;0;0
T;0;0;0;0;0;0;6;6;2;0;4;0;0;0
T;0;1;3;1;1;8;19;18;0;7;12;1;0;0
F;0;0;0;0;0;0;7;7;0;0;0;0;0;0
F;0;0;0;0;0;0;0;0;0;0;0;0;0;0
T;0;1;24;2;20;23;80;80;1;1;79;5;0;9
T;0;0;20;1;24;19384;11;12;7;69;24;4;0;2
T;0;0;3;1;3;19;14;14;1;14;11;4;2;1
F;0;0;0;0;0;0;4;4;1;0;5;0;0;0
T;0;0;18;0;3;17;10;10;3;3;22;2;1;0
T;0;0;6;1;0;0;43;43;2;0;32;1;0;0
T;0;0;19;1;32;74;17;17;2;37;48;12;0;5
F;0;0;2;0;4;4;2;2;0;0;13;1;0;0
T;0;0;10;2;17;104;63;63;3;27;33;5;3;4
F;0;0;1;0;0;5;0;0;0;4;0;0;0;0
F;0;0;4;0;4;13;1;1;1;0;0;1;0;2
F;0;0;2;0;2;2;5;5;0;0;8;0;0;0
F;0;0;2;0;0;4;2;2;0;2;4;0;0;0
F;0;0;0;0;0;0;9;9;1;0;0;0;0;0
F;0;0;0;0;0;0;0;0;0;0;0;0;0;0
T;0;1;3;1;0;1;8;8;0;0;21;3;2;0
F;0;0;0;0;0;0;0;0;0;0;1;0;0;0
F;0;1;4;0;3;3;0;0;0;0;1;1;1;1
T;0;0;0;0;0;0;52;52;4;0;36;4;0;0
F;0;0;0;0;0;0;2;2;2;0;1;0;0;0
F;0;0;11;0;2;9;6;6;1;0;27;0;2;0
F;1;0;0;0;0;0;0;0;0;0;0;0;0;0
F;1;0;2;0;1;3;2;2;1;0;3;0;0;0
F;0;0;0;0;0;0;0;0;0;0;0;0;0;0
T;1;2;6;1;0;107;15;15;7;37;6;0;0;0
F;0;0;0;0;0;0;2;2;0;0;0;0;0;0
F;0;0;0;0;0;0;0;0;0;0;0;0;0;0
T;0;1;3;4;1;2;10;10;4;1;1;11;7;1
F;0;0;3;0;2;3;0;0;0;0;0;1;0;0
T;0;0;5;0;8;1954;29;29;1;15;0;0;0;0
F;0;0;0;0;0;0;0;0;0;0;0;0;0;0
T;0;0;12;0;21;44;52;52;1;16;19;4;0;5
F;0;0;0;0;0;0;0;0;0;0;0;0;0;0
F;0;0;0;0;0;0;0;0;0;0;0;0;0;0
F;0;0;0;0;0;0;0;0;0;0;0;0;0;0
T;1;2;12;0;5;155;12;12;3;21;17;10;2;2
T;0;0;43;1;30;91;19;19;0;19;94;0;0;15
F;0;0;5;0;2;3;4;4;0;0;0;1;0;0
T;1;0;1;1;4;4;9;9;2;0;0;5;0;4
F;0;0;0;0;0;0;0;0;0;0;0;0;0;0
T;0;0;6;1;0;9;31;31;1;6;1;2;1;0
F;0;0;0;0;0;0;6;6;2;0;8;0;0;0
F;0;0;0;0;0;0;0;0;0;0;0;0;0;0
T;2;1;20;1;15;25;35;35;2;5;25;4;0;14
T;0;0;20;1;24;263;13;13;0;26;16;5;0;9
T;0;0;0;0;0;0;6;6;0;0;0;1;0;0
F;0;0;0;0;0;0;0;0;0;0;0;0;0;0
F;0;1;1;0;0;4;3;2;1;1;0;0;0;0
F;0;0;0;0;0;0;21;21;1;0;3;0;0;0
T;0;0;3;1;2;10;18;18;1;0;9;1;0;1
T;1;0;12;1;0;45;41;41;2;19;41;16;4;0
T;0;0;4;0;2;8;19;19;1;4;3;0;0;1
F;0;0;1;0;0;1;0;0;0;0;0;0;0;0
F;0;0;1;1;0;0;11;11;0;0;9;5;3;0
F;0;0;0;0;0;0;0;0;0;0;0;0;0;0
T;1;0;9;0;8;10;34;34;8;1;2;3;1;5
F;0;0;3;0;0;0;0;0;0;0;6;0;0;0
F;0;0;1;0;0;0;19;19;3;0;0;0;0;0
T;0;0;3;2;1;2;8;9;2;0;6;0;0;1
F;0;0;2;0;7;8;3;3;0;0;8;0;0;0
T;0;0;0;0;0;0;6;6;0;0;0;0;0;0
F;0;0;1;0;0;0;0;0;0;0;1;0;0;0
T;0;0;5;0;3;10;41;41;7;5;0;1;0;2
T;0;0;4;1;0;1;33;33;1;0;26;2;0;0
F;0;1;12;0;9;12;17;17;1;5;9;7;1;2
F;0;0;0;0;0;0;0;0;0;0;5;0;0;0
F;0;0;0;0;0;0;0;0;0;0;0;0;0;0
T;0;0;3;1;11;21;25;25;2;10;11;1;0;1
T;0;1;9;1;16;20;12;12;9;13;1;3;0;6
T;0;0;39;0;114;785;15;15;3;180;65;0;0;12
F;0;0;10;0;5;6;3;3;0;0;8;0;0;3
T;3;2;1;0;0;0;8;8;0;0;2;3;0;0
F;1;0;2;0;3;5;9;9;3;1;9;2;1;2
T;0;3;29;1;103;173;72;55;15;77;62;11;3;11
F;0;0;5;0;3;34;6;6;0;1;15;0;0;0
T;0;0;7;1;27;39;21;21;4;11;1;0;0;4
T;1;1;5;0;2;8;7;7;2;0;0;1;0;2
F;0;0;4;0;2;4;4;4;0;1;4;0;0;2
F;0;0;2;0;2;3;0;0;0;0;6;0;0;0
T;0;0;1;0;1;2;13;13;4;0;22;1;0;1
F;0;0;11;0;44;90;6;6;1;46;0;2;1;2
F;0;1;0;0;0;0;0;0;0;0;1;0;0;0
F;0;0;1;0;0;2;0;0;0;0;2;0;0;0
T;0;0;16;0;28;2080;8;8;4;42;0;0;0;17
T;0;0;9;3;32;69;19;19;0;33;6;1;0;4
F;0;0;3;0;0;0;0;0;0;0;4;1;1;0
F;0;0;0;0;0;0;0;0;0;0;0;0;0;0
F;0;1;18;0;126;174;6;6;2;11;114;5;5;3
T;0;0;3;0;0;1;10;10;5;0;1;1;0;0
T;0;0;4;0;0;0;16;16;8;0;1;0;0;0
F;0;0;0;0;0;0;5;5;1;0;0;0;0;0
F;1;0;3;0;1;2;0;0;0;0;1;0;0;0
F;0;0;0;0;0;0;0;0;0;0;0;0;0;0
T;0;0;0;2;0;0;18;18;1;0;7;0;0;0
F;0;0;0;0;0;0;0;0;0;0;0;0;0;0
T;0;0;2;2;1;1;19;19;2;0;3;3;1;0
T;0;0;9;1;160;201;44;44;1;25;8;4;1;3
F;0;0;1;0;2;2;0;0;0;0;0;0;0;0
F;0;0;2;0;2;2;0;0;0;0;0;1;0;1
F;0;0;6;0;3;3;0;0;0;0;25;1;0;0
F;0;0;0;0;0;0;0;0;0;0;0;0;0;0
T;1;0;10;3;14;2335;13;13;4;8;1;11;2;4
T;0;0;8;1;13;53;57;57;5;8;7;3;1;4
T;2;0;13;1;16;36;35;35;7;17;77;11;2;0
F;0;0;0;0;0;0;0;0;0;0;0;0;0;0
F;0;0;0;0;0;0;0;0;0;0;0;0;0;0
F;0;0;0;0;0;0;0;0;0;0;0;0;0;0
T;2;0;15;0;7;32;140;140;12;20;31;5;0;4
T;0;1;11;0;3;31;15;14;10;25;62;7;5;0
F;0;0;0;0;0;0;5;5;1;0;0;0;0;0
T;3;2;4;1;0;3;7;7;1;1;33;3;1;0
F;0;1;0;0;0;0;0;0;0;0;86;0;0;0
F;0;1;2;0;0;2;6;6;4;0;6;2;2;0
F;0;0;0;0;0;0;0;0;0;0;0;0;0;0
T;0;0;6;1;5;8;15;15;0;2;6;8;1;0
F;1;1;13;0;58;76;6;6;2;22;20;5;0;8
T;0;0;13;1;12;21;10;10;2;0;27;0;0;2
T;0;0;0;1;0;0;9;9;1;0;2;1;0;0
F;1;0;3;0;0;0;9;9;0;0;4;0;0;0
F;0;0;2;0;15;38;17;17;8;23;4;1;0;0
T;0;0;18;1;8;38;24;24;4;29;18;4;1;0
F;0;0;0;0;0;0;0;0;0;0;0;0;0;0
T;0;0;0;1;0;0;8;8;5;0;12;0;0;0
F;0;0;0;0;0;0;9;10;1;0;0;0;0;0
T;0;0;0;0;0;0;26;26;2;0;0;1;0;0
F;0;0;3;0;2;3;0;0;0;0;2;0;0;1
F;0;0;1;0;0;1;6;6;1;0;0;0;0;0
T;0;0;20;2;7;28;47;47;1;14;22;2;0;5
T;0;0;0;0;0;0;8;8;1;0;0;0;0;0
F;0;0;0;0;0;0;0;0;0;0;2;0;0;0
F;1;0;1;0;0;0;8;8;1;0;3;2;0;0
T;0;0;1;0;0;3;22;22;3;2;3;1;0;0
T;0;0;20;1;34;192;14;14;0;43;21;7;6;7
T;0;0;25;1;22;32;23;23;2;4;18;19;4;11
T;1;0;37;1;27;52;22;22;4;2;97;11;2;15
T;1;0;0;0;0;0;8;8;2;0;1;1;0;0
T;0;0;16;1;9;24;18;18;13;4;0;3;2;5
T;0;1;21;0;83;122;31;31;7;40;5;2;1;9
T;0;0;0;5;0;0;10;10;0;0;12;2;2;0
F;0;0;1;0;0;0;0;0;0;0;0;3;0;0
F;0;0;0;0;0;0;0;0;0;0;0;0;0;0
T;0;0;0;0;0;0;7;7;1;0;1;0;0;0
T;0;0;1;1;0;0;9;9;4;0;1;0;0;0
F;0;0;4;0;16;20;0;0;0;10;7;0;0;2
T;0;0;5;3;2;19;110;110;3;8;13;4;1;1
T;1;1;6;4;3;23;42;42;7;16;10;8;4;1
F;0;0;0;0;0;0;0;0;0;0;0;0;0;0
F;0;0;1;0;1;1;6;6;0;0;4;0;0;0
T;0;0;0;1;0;0;14;14;6;0;1;1;0;0
F;0;0;0;0;0;0;0;0;0;0;0;0;0;0
F;0;0;0;0;0;0;0;0;0;0;0;0;0;0
F;0;0;6;0;0;7;20;20;0;4;6;2;0;0
F;0;0;0;0;0;0;0;0;0;0;5;0;0;0
F;0;0;0;0;0;0;2;2;0;0;0;0;0;0
T;0;0;11;1;6;13;36;36;7;5;10;3;1;6
F;0;2;18;1;33;54;18;18;1;18;29;0;0;5
T;0;0;4;1;0;1;6;6;1;0;3;3;0;0
T;1;2;4;1;2;3;15;15;1;0;7;1;1;1
F;0;0;3;0;27;38;7;7;0;17;11;1;0;3
T;2;4;9;0;3;5;100;100;6;0;38;8;1;1
T;0;0;0;1;0;0;36;36;0;0;3;0;0;0
F;0;0;0;0;0;0;13;13;0;0;1;0;0;0
T;1;0;18;1;59;90;26;26;5;20;5;7;5;9
F;0;0;0;0;0;0;0;0;0;0;0;0;0;0
T;0;0;11;1;4;7;19;19;5;5;3;0;0;1
T;0;0;5;2;10;21;24;24;3;1;28;11;2;3
T;0;0;38;0;164;375;59;59;5;115;38;2;0;4
T;0;0;0;2;0;0;22;22;2;0;29;2;0;0
T;0;1;21;0;16;31;16;16;8;13;5;6;0;4
F;0;0;2;0;2;3;0;0;0;0;0;1;0;0
F;0;0;0;0;0;0;0;0;0;0;0;0;0;0
T;0;0;2;1;0;0;11;11;6;0;7;4;2;0
F;0;0;4;0;2;6;3;3;1;0;6;0;0;2
F;0;0;0;0;0;0;0;0;0;0;0;0;0;0
T;2;3;12;1;6;23;9;9;5;10;8;0;1;4
T;0;1;47;3;57;382;42;42;19;89;89;9;4;21
F;0;0;0;0;0;0;0;0;0;0;0;0;0;0
F;0;0;0;0;0;0;0;0;0;0;0;0;0;0
F;0;0;10;0;12;121;18;18;5;23;6;8;1;7
T;0;0;4;0;1;5;14;14;1;4;13;3;1;1
F;0;0;0;0;0;0;0;0;0;0;0;0;0;0
T;0;0;0;2;0;0;18;18;5;0;27;5;3;0
F;0;0;0;0;0;0;0;0;0;0;0;0;0;0
F;0;0;0;0;0;0;0;0;0;0;0;0;0;0
F;0;0;0;0;0;0;4;4;0;0;4;0;0;0
T;0;0;16;2;4;30;38;38;1;18;60;1;0;0
F;0;0;0;0;0;0;4;4;0;0;0;0;0;0
T;1;1;4;0;1;5;9;9;1;1;2;0;0;1
T;0;0;0;0;0;0;15;15;1;0;0;0;0;0
T;0;0;1;1;0;0;34;34;24;0;14;0;0;0
F;0;0;1;0;0;0;12;12;2;0;8;2;0;0
F;0;0;0;0;0;0;0;0;0;0;0;0;0;0
T;0;0;20;1;27;63;20;20;0;19;23;2;1;6
F;0;0;1;0;0;1;5;5;1;0;3;2;0;0
F;0;1;1;0;0;0;77;77;8;0;67;6;2;0
F;0;0;21;0;29;471;41;41;0;40;33;3;0;4
F;0;0;0;0;0;0;2;2;0;0;0;0;0;0
T;0;0;0;0;0;0;33;33;5;0;1;1;0;0
T;0;0;1;0;1;8;6;6;0;1;0;0;0;0
F;1;0;2;0;1;1;0;0;0;0;2;0;0;1
F;0;0;2;0;1;1;0;0;0;0;2;0;0;1
F;0;0;0;0;0;0;0;0;0;0;1;0;0;0
T;0;0;6;1;2;4;33;33;0;0;3;3;2;2
F;0;0;0;0;0;0;0;0;0;0;0;0;0;0
F;0;0;0;0;0;0;0;0;0;0;0;0;0;0
F;0;0;4;0;1;1;6;6;0;0;46;3;0;0
T;0;0;27;2;200;230;22;22;1;49;40;7;7;7
F;0;0;1;0;0;0;0;0;0;0;6;0;0;0
F;0;0;0;0;0;0;0;0;0;0;0;0;0;0
T;0;0;6;2;2;4;22;22;8;3;4;3;1;1
T;0;1;16;1;17;186;34;34;2;58;3;2;1;8
F;0;0;0;0;0;0;0;0;0;0;3;0;0;0
T;0;0;3;1;2;9;36;36;0;7;3;4;2;1
F;0;0;0;0;0;0;0;0;0;0;0;0;0;0
F;0;0;5;0;3;5;10;10;1;1;7;10;3;0
T;1;0;3;0;2;5;16;16;4;0;1;0;0;0
F;0;0;0;0;0;0;0;0;0;0;0;0;0;0
F;0;0;2;0;0;1;0;0;0;0;0;0;0;0
F;1;0;3;0;3;25;78;78;0;4;25;0;0;0
F;0;0;0;0;0;0;0;0;0;0;0;1;1;0
F;0;0;2;1;2;5;10;10;3;2;14;1;0;1
T;0;1;3;0;0;3;15;15;2;1;19;0;0;0
T;2;2;43;1;264;687;28;28;12;172;220;1;0;10
T;0;1;9;1;6;14;37;37;8;4;12;5;3;1
T;0;0;3;1;4;18;10;10;0;0;2;5;1;1
T;0;0;11;5;24;55;22;22;2;32;38;0;1;7
T;4;0;9;0;15;436;27;27;7;2;31;1;1;11
F;0;0;0;0;0;0;0;0;0;0;0;0;0;0
F;0;0;0;0;0;0;0;0;0;0;0;0;0;0
F;0;1;2;0;0;0;0;0;0;0;4;0;0;0
T;3;0;3;1;0;0;9;9;4;0;3;1;0;0
T;0;0;9;0;36;64;17;17;6;60;1;0;0;5
F;0;0;0;0;0;0;0;0;0;0;0;0;0;0
F;0;0;15;0;90;134;13;13;2;45;12;0;0;7
F;2;0;9;0;4;310;8;8;0;17;1;1;0;2
F;0;0;5;0;0;1;7;7;2;0;0;0;0;0
F;0;0;33;1;10;80;28;28;2;31;77;9;6;3
T;0;0;10;0;2;20;12;12;6;16;20;2;1;1
F;0;0;0;0;0;0;0;0;0;0;0;0;0;0
T;0;0;31;1;52;531;19;19;0;24;38;18;8;10
F;0;0;0;0;0;0;1;1;0;0;0;0;0;0
T;0;0;7;1;13;61;23;23;2;33;1;8;2;1
F;0;0;0;0;0;0;0;0;0;0;0;0;0;0
F;0;0;0;0;0;0;10;10;4;0;0;0;0;0
F;0;1;0;0;0;0;13;13;2;0;7;4;1;0
F;0;0;0;0;0;0;0;0;0;0;0;0;0;0
F;0;0;0;0;0;0;0;0;0;0;0;0;0;0
F;0;0;1;0;0;0;0;0;0;0;0;0;0;0
F;0;0;2;0;0;6;2;2;2;5;7;0;0;0
T;1;5;29;1;220;295;23;23;1;12;86;9;8;17
F;0;0;0;0;0;0;0;0;0;0;0;0;0;0
T;0;1;4;1;1;2;8;8;0;4;0;7;3;1
T;0;0;14;1;2;10;150;150;13;6;37;11;2;2
F;0;0;0;0;0;0;0;0;0;0;1;0;0;0
T;0;0;0;3;0;0;8;8;2;0;9;2;0;0
T;0;0;1;1;0;0;29;29;4;1;10;2;1;0
F;0;0;0;0;0;0;0;0;0;0;0;0;0;0
T;0;2;13;2;11;45;49;49;5;31;32;5;2;6
F;0;0;0;0;0;0;0;0;0;0;0;0;0;0
F;0;0;0;0;0;0;3;3;3;0;0;0;0;0
T;0;1;10;0;80;86;7;7;0;11;14;2;1;1
T;0;0;0;0;0;0;25;25;1;0;0;0;0;0
T;0;0;0;1;0;0;17;17;3;0;6;3;0;0
F;0;0;1;0;3;4;1;1;1;0;4;2;0;0
F;0;0;0;0;0;0;0;0;0;0;0;0;0;0
T;0;0;9;1;15;28;31;31;7;15;29;2;1;4
F;0;0;14;0;45;87;9;9;5;40;22;14;6;5
F;0;0;1;0;0;0;0;0;0;0;0;0;0;0
F;0;0;16;0;13;27;4;4;1;13;13;9;7;2
T;0;0;3;1;5;10;71;71;3;9;5;3;0;0
F;0;0;3;0;1;4;0;0;0;1;1;5;3;1
F;0;0;0;0;0;0;0;0;0;0;1;0;0;0
T;0;0;3;1;0;0;17;17;0;0;3;1;0;0
F;0;0;1;0;0;0;0;0;0;0;2;0;0;0
F;0;1;4;0;1;3;24;24;0;0;5;0;0;1
T;0;0;9;1;5;7;37;37;3;1;4;0;0;4
T;0;0;1;1;0;0;10;10;0;0;6;0;0;0
T;0;0;0;0;0;0;11;11;0;0;0;0;0;0
T;0;0;8;2;14;2491;31;31;3;26;4;3;2;4
F;0;0;0;0;0;0;0;0;0;0;0;0;0;0
F;0;0;0;0;0;0;0;0;0;0;0;0;0;0
F;0;0;0;0;0;0;0;0;0;0;0;0;0;0
F;0;0;1;0;0;1;0;0;0;0;0;0;0;0
F;1;0;0;0;0;0;0;0;0;0;5;0;0;0
T;0;0;5;0;0;7;56;56;2;6;0;1;0;0
F;1;0;1;0;0;0;0;0;0;0;11;0;0;0
T;0;0;9;1;7;8;24;24;1;0;36;3;1;2
T;0;0;10;1;2;2;19;19;2;0;27;2;0;1
T;1;0;6;0;4;16;8;8;1;10;0;1;0;1
T;0;0;0;1;0;0;10;10;4;0;0;1;0;0
T;0;0;1;1;1;1;16;16;1;0;2;1;0;1
T;0;0;5;1;1;3;35;35;2;0;12;8;2;0
F;0;0;1;0;0;0;0;0;0;0;0;1;0;0
F;0;0;1;0;0;0;2;2;2;0;0;0;0;0
F;0;0;2;0;0;1;0;0;0;0;3;0;0;0
T;0;0;9;0;4;9;32;32;5;2;22;1;0;3
F;0;0;0;0;0;0;75;75;4;0;44;0;1;0
T;0;0;0;1;0;0;12;12;0;0;6;2;1;0
T;0;1;26;3;16;28;29;29;3;4;54;4;2;8
T;0;0;8;1;16;36;13;13;3;18;6;1;0;10
F;0;1;8;0;65;116;22;22;1;51;7;1;1;1
F;0;0;0;0;0;0;0;0;0;0;0;0;0;0
T;0;0;0;1;0;0;64;64;8;0;1;2;2;0
T;0;0;3;1;1;2;8;8;2;0;0;2;1;1
F;0;0;0;0;0;0;2;2;1;0;8;0;0;0
T;0;1;5;1;1;5;18;18;0;3;8;2;1;0
F;0;0;0;0;0;0;0;0;0;0;0;0;0;0
F;0;0;2;0;3;11;0;0;0;6;1;0;0;1
T;0;0;0;0;0;0;26;26;8;0;0;0;0;0
T;0;0;7;2;14;298;25;25;1;34;2;6;4;7
F;0;0;0;0;0;0;0;0;0;0;0;0;0;0
T;0;0;0;0;0;0;6;6;3;0;0;0;0;0
T;0;0;27;1;28;75;41;41;3;55;52;5;0;11
T;0;0;9;0;2;6;18;18;0;0;20;0;1;1
T;0;0;6;0;7;13;45;45;5;6;7;0;0;2
T;0;0;4;1;7;47;21;21;1;42;0;6;5;0
T;0;0;1;1;0;0;55;55;6;0;2;2;1;0
F;0;1;8;0;2;8;36;36;1;0;11;2;0;1
T;0;0;2;0;0;0;82;82;6;0;6;0;0;0
T;0;0;2;2;1;2;10;10;6;3;3;2;0;0
T;0;0;0;1;0;0;13;13;3;0;0;4;3;0
F;0;0;0;0;0;0;0;0;0;0;0;0;0;0
F;1;0;9;0;6;595;0;0;0;22;5;2;2;3
F;1;0;8;0;8;18;6;6;0;7;0;1;0;2
T;0;1;9;2;3;6;14;14;1;2;27;0;0;1
T;0;0;8;1;3;7;33;33;2;0;9;8;5;1
T;0;0;0;1;0;0;14;14;5;0;0;2;1;0
F;0;0;1;0;0;1;0;0;0;0;0;0;0;0
F;0;0;1;0;0;0;0;0;0;0;0;0;0;0
T;0;1;0;1;0;0;6;6;0;0;0;1;0;0
F;0;0;0;0;0;0;0;0;0;0;0;0;0;0
T;3;5;36;1;307;414;11;11;0;83;14;4;1;33
T;0;0;1;0;0;1;10;10;2;0;2;0;0;0
T;0;0;21;0;32;512;22;22;6;83;69;6;0;3
T;0;0;2;1;2;5;13;13;0;0;0;1;0;2
T;0;0;4;0;3;18;10;10;1;12;17;2;2;3
F;0;0;0;0;0;0;12;12;3;0;0;0;0;0
F;0;0;1;0;0;7;6;6;0;0;0;0;0;0
T;0;1;5;1;6;9;14;14;0;1;16;1;0;1
T;8;3;1;1;0;0;159;160;2;0;25;3;5;0
F;0;0;0;0;0;0;0;0;0;0;0;0;0;0
T;0;1;10;1;2;8;7;7;2;0;20;6;3;1
F;0;0;0;0;0;0;0;0;0;0;0;0;0;0
T;0;0;1;1;0;1;18;18;2;0;4;2;0;0
T;0;0;11;1;11;19;40;40;12;3;10;4;0;7
T;0;0;1;0;0;1;7;7;0;0;2;2;0;0
F;0;0;0;0;0;0;0;0;0;0;0;0;0;0
T;9;0;7;4;2;9;147;147;9;5;19;3;2;1
T;0;0;0;0;0;0;91;91;9;0;30;0;0;0
T;0;0;5;0;5;16;29;29;5;9;1;0;0;1
T;0;0;1;2;0;0;10;10;2;0;2;3;2;0
F;0;0;0;0;0;0;0;0;0;0;0;0;0;0
F;0;0;18;0;93;100;11;11;2;14;26;0;0;3
T;0;0;8;0;11;31;15;15;0;11;30;3;1;4
F;0;0;0;0;0;0;5;5;1;0;0;0;0;0
T;0;1;4;1;2;4;12;12;3;4;6;0;0;1
F;0;0;0;0;0;0;0;0;0;0;0;0;0;0
